timestamp,corrected_total_service_cost_eur_h
2021-01-01 00:00:00,0.9690380314681464
2021-01-01 01:00:00,0.9789786978678494
2021-01-01 02:00:00,1.027595643927178
2021-01-01 03:00:00,0.9215473176781387
2021-01-01 04:00:00,0.8373086363599028
2021-01-01 05:00:00,0.8438511886890784
2021-01-01 06:00:00,0.8363452914334617
2021-01-01 07:00:00,0.8534696691671457
2021-01-01 08:00:00,0.8254413150936433
2021-01-01 09:00:00,0.8967274097552346
2021-01-01 10:00:00,0.9554924519069705
2021-01-01 11:00:00,0.899517921214706
2021-01-01 12:00:00,1.0709253667556482
2021-01-01 13:00:00,1.031597640768763
2021-01-01 14:00:00,0.960018366751625
2021-01-01 15:00:00,0.9558475175939702
2021-01-01 16:00:00,1.004802888892212
2021-01-01 17:00:00,1.0858466603159085
2021-01-01 18:00:00,0.9619188228176173
2021-01-01 19:00:00,0.9966193340828646
2021-01-01 20:00:00,0.9343924990825876
2021-01-01 21:00:00,0.8757148602528985
2021-01-01 22:00:00,0.945922764024679
2021-01-01 23:00:00,0.9427967951608305
2021-01-02 00:00:00,0.9291524278279446
2021-01-02 01:00:00,0.9441132796535783
2021-01-02 02:00:00,0.9283506056143747
2021-01-02 03:00:00,0.9067058026147766
2021-01-02 04:00:00,0.8828419202908945
2021-01-02 05:00:00,0.8697993088573428
2021-01-02 06:00:00,0.8806206914532664
2021-01-02 07:00:00,0.885285631122051
2021-01-02 08:00:00,0.8819769369858699
2021-01-02 09:00:00,0.9271934608726816
2021-01-02 10:00:00,0.9141051776990033
2021-01-02 11:00:00,1.0190036841302281
2021-01-02 12:00:00,1.022424187533498
2021-01-02 13:00:00,0.9967203438948737
2021-01-02 14:00:00,1.0451542879761615
2021-01-02 15:00:00,1.0702951905476052
2021-01-02 16:00:00,1.0162939968728628
2021-01-02 17:00:00,0.9541667336721499
2021-01-02 18:00:00,1.0332666759617553
2021-01-02 19:00:00,1.0022820369734862
2021-01-02 20:00:00,0.9489529705207035
2021-01-02 21:00:00,0.9537682206143365
2021-01-02 22:00:00,0.8955444865403268
2021-01-02 23:00:00,0.8934725809048217
2021-01-03 00:00:00,0.9149320181705426
2021-01-03 01:00:00,0.9452906336847678
2021-01-03 02:00:00,0.89322608160786
2021-01-03 03:00:00,0.8511549072631069
2021-01-03 04:00:00,0.84469579037014
2021-01-03 05:00:00,0.8633719242728746
2021-01-03 06:00:00,0.8560497574852068
2021-01-03 07:00:00,0.8548432309372735
2021-01-03 08:00:00,0.8588397678655806
2021-01-03 09:00:00,0.8675845206766962
2021-01-03 10:00:00,0.9110828452670164
2021-01-03 11:00:00,0.936683644447672
2021-01-03 12:00:00,0.9963799106064363
2021-01-03 13:00:00,0.997309222378299
2021-01-03 14:00:00,1.0252503686834362
2021-01-03 15:00:00,1.0145790374021233
2021-01-03 16:00:00,1.041053817644145
2021-01-03 17:00:00,0.9708432914281455
2021-01-03 18:00:00,1.0043489749010588
2021-01-03 19:00:00,0.9894363143360924
2021-01-03 20:00:00,0.9952471918183775
2021-01-03 21:00:00,0.9351312770552542
2021-01-03 22:00:00,0.9738143353926683
2021-01-03 23:00:00,1.0109532767915794
2021-01-04 00:00:00,0.9830606157147939
2021-01-04 01:00:00,0.9785708128855706
2021-01-04 02:00:00,0.9863335500704737
2021-01-04 03:00:00,0.9322925608493647
2021-01-04 04:00:00,0.9104090724675379
2021-01-04 05:00:00,0.9231017918223383
2021-01-04 06:00:00,0.9396365173385917
2021-01-04 07:00:00,0.9824075906263143
2021-01-04 08:00:00,0.9379913869685762
2021-01-04 09:00:00,0.8576162807010331
2021-01-04 10:00:00,0.9153623367738232
2021-01-04 11:00:00,0.9303263916600614
2021-01-04 12:00:00,1.0068695839605208
2021-01-04 13:00:00,0.9655775323613381
2021-01-04 14:00:00,1.0152453715814904
2021-01-04 15:00:00,0.9926351598687747
2021-01-04 16:00:00,0.8964419747612352
2021-01-04 17:00:00,0.9509726970093003
2021-01-04 18:00:00,0.9769828485124706
2021-01-04 19:00:00,1.0787067544371252
2021-01-04 20:00:00,1.0166377762453553
2021-01-04 21:00:00,0.9291378591960062
2021-01-04 22:00:00,0.9474959327776745
2021-01-04 23:00:00,0.9629266651305878
2021-01-05 00:00:00,0.9366257942933051
2021-01-05 01:00:00,0.9233342139273509
2021-01-05 02:00:00,0.8507868344064838
2021-01-05 03:00:00,0.8504747284453633
2021-01-05 04:00:00,0.8387989717930389
2021-01-05 05:00:00,0.8159848967053315
2021-01-05 06:00:00,0.8929083873418893
2021-01-05 07:00:00,0.8993874985324318
2021-01-05 08:00:00,0.8970445527270127
2021-01-05 09:00:00,0.8621611085440386
2021-01-05 10:00:00,0.9465301106233758
2021-01-05 11:00:00,0.9032873716950892
2021-01-05 12:00:00,0.9873759740389253
2021-01-05 13:00:00,0.8938093357170228
2021-01-05 14:00:00,0.9376322088776464
2021-01-05 15:00:00,0.8601171209897631
2021-01-05 16:00:00,0.851372560828656
2021-01-05 17:00:00,0.8528505939247568
2021-01-05 18:00:00,0.8272477562289196
2021-01-05 19:00:00,0.810452641840125
2021-01-05 20:00:00,0.912557306956639
2021-01-05 21:00:00,0.8733088639379604
2021-01-05 22:00:00,0.817514656579143
2021-01-05 23:00:00,0.857701371588986
2021-01-06 00:00:00,0.9016551098667692
2021-01-06 01:00:00,0.8941860670005606
2021-01-06 02:00:00,0.8897196734039956
2021-01-06 03:00:00,0.8618334575126934
2021-01-06 04:00:00,0.8070055785975021
2021-01-06 05:00:00,0.7636653276363564
2021-01-06 06:00:00,0.8433014125773993
2021-01-06 07:00:00,0.8849574719991008
2021-01-06 08:00:00,0.8109922537853845
2021-01-06 09:00:00,0.8213740123976881
2021-01-06 10:00:00,0.8637281895462849
2021-01-06 11:00:00,0.8414549963392729
2021-01-06 12:00:00,0.8557587103838386
2021-01-06 13:00:00,0.8611149177831995
2021-01-06 14:00:00,0.8279925035467735
2021-01-06 15:00:00,0.8417457117430243
2021-01-06 17:00:00,0.7015800981937066
2021-01-06 18:00:00,0.9418928535050985
2021-01-06 19:00:00,0.94593269444922
2021-01-06 20:00:00,0.9451491742100677
2021-01-06 21:00:00,0.923396190154135
2021-01-06 22:00:00,0.9590405472746362
2021-01-06 23:00:00,0.9867413596360053
2021-01-07 00:00:00,0.9792190145860451
2021-01-07 01:00:00,0.9160138433796033
2021-01-07 02:00:00,0.9745459168769797
2021-01-07 03:00:00,0.9411314394400263
2021-01-07 04:00:00,0.8773291379205874
2021-01-07 05:00:00,0.885676326814596
2021-01-07 06:00:00,0.9350255497186815
2021-01-07 07:00:00,0.9423921492235632
2021-01-07 08:00:00,0.9211613291657323
2021-01-07 09:00:00,0.8734317853474238
2021-01-07 10:00:00,0.8700337460293699
2021-01-07 11:00:00,0.9136147480489694
2021-01-07 12:00:00,0.8392403292223143
2021-01-07 13:00:00,0.8369950195075277
2021-01-07 14:00:00,0.8855187887761994
2021-01-07 15:00:00,0.9033784317201594
2021-01-07 16:00:00,0.9198154367687985
2021-01-07 17:00:00,0.9701654825022593
2021-01-07 18:00:00,0.9293916617613939
2021-01-07 19:00:00,1.0091847264664282
2021-01-07 20:00:00,0.8855873338564049
2021-01-07 21:00:00,0.8431714624122999
2021-01-07 22:00:00,0.8232349607321703
2021-01-07 23:00:00,0.8667275516842097
2021-01-08 00:00:00,0.8653320715536521
2021-01-08 01:00:00,0.8138054242753582
2021-01-08 02:00:00,0.8131695264497517
2021-01-08 03:00:00,0.8223251294620376
2021-01-08 04:00:00,0.7894901447090179
2021-01-08 05:00:00,0.7789021820731065
2021-01-08 06:00:00,0.8817001374338204
2021-01-08 07:00:00,0.8190647289318636
2021-01-08 08:00:00,0.883022089543928
2021-01-08 09:00:00,0.8259739272674564
2021-01-08 10:00:00,0.8126524452064657
2021-01-08 11:00:00,0.8630440234903529
2021-01-08 12:00:00,0.8394390283034899
2021-01-08 13:00:00,0.8643492259777087
2021-01-08 14:00:00,0.8966367574090476
2021-01-08 15:00:00,0.9088285311333423
2021-01-08 16:00:00,0.9425023779376517
2021-01-08 17:00:00,0.9385392566770002
2021-01-08 18:00:00,0.9095154236226728
2021-01-08 19:00:00,0.987335024525539
2021-01-08 20:00:00,1.004423235510749
2021-01-08 21:00:00,1.0033156132572953
2021-01-08 22:00:00,0.9863341095854273
2021-01-08 23:00:00,0.9552956967501156
2021-01-09 00:00:00,0.9489991842215312
2021-01-09 01:00:00,0.8817451435628982
2021-01-09 02:00:00,0.8880955727458928
2021-01-09 03:00:00,0.8843931885879835
2021-01-09 04:00:00,0.8735732955233587
2021-01-09 05:00:00,0.9220318849788516
2021-01-09 06:00:00,0.8430086911853295
2021-01-09 07:00:00,0.8373097292662174
2021-01-09 08:00:00,0.9456530389565709
2021-01-09 09:00:00,1.0203199681584256
2021-01-09 10:00:00,0.9989944692932934
2021-01-09 11:00:00,0.9929507420901745
2021-01-09 12:00:00,0.9976310089477102
2021-01-09 13:00:00,1.0019427518519237
2021-01-09 14:00:00,0.6943601798412234
2021-01-09 15:00:00,0.6883873296132249
2021-01-09 16:00:00,0.9028171600675302
2021-01-09 17:00:00,0.8507873119354183
2021-01-09 18:00:00,0.8469403025118594
2021-01-09 19:00:00,0.8381857758660762
2021-01-09 20:00:00,0.8812205455967391
2021-01-09 21:00:00,0.8607904267633016
2021-01-09 22:00:00,0.8708933730971765
2021-01-09 23:00:00,0.8743030279201722
2021-01-10 00:00:00,0.8946163927618517
2021-01-10 01:00:00,0.8570726043374042
2021-01-10 02:00:00,0.8705861538931459
2021-01-10 03:00:00,0.8028070641615446
2021-01-10 04:00:00,0.8264052289114014
2021-01-10 05:00:00,0.8175082535921537
2021-01-10 06:00:00,0.8245831484617041
2021-01-10 07:00:00,0.8329282574469393
2021-01-10 08:00:00,0.8529433187695658
2021-01-10 09:00:00,0.8921747369105751
2021-01-10 10:00:00,0.9100329836737197
2021-01-10 11:00:00,1.0016604294625988
2021-01-10 12:00:00,0.9819254009863815
2021-01-10 13:00:00,0.9776518214812846
2021-01-10 14:00:00,0.9827556653407912
2021-01-10 15:00:00,0.9205146016595823
2021-01-10 16:00:00,0.9333780247617901
2021-01-10 17:00:00,0.9109499255372954
2021-01-10 18:00:00,0.9388820812976346
2021-01-10 19:00:00,0.937983741034112
2021-01-10 20:00:00,0.8977747248138129
2021-01-10 21:00:00,0.8966962191521842
2021-01-10 22:00:00,0.9498340416138573
2021-01-10 23:00:00,0.9167678593175461
2021-01-11 00:00:00,0.9253347210602296
2021-01-11 01:00:00,0.8353239417382657
2021-01-11 02:00:00,0.8573961706160548
2021-01-11 03:00:00,0.8627391396388917
2021-01-11 04:00:00,0.8995255412113193
2021-01-11 05:00:00,0.8498744974422154
2021-01-11 06:00:00,0.9501807813825216
2021-01-11 07:00:00,0.9105213106123324
2021-01-11 08:00:00,0.9083371297984004
2021-01-11 09:00:00,0.8750676748926222
2021-01-11 10:00:00,0.8402163591150313
2021-01-11 11:00:00,0.8656432195061043
2021-01-11 12:00:00,0.9429564146874984
2021-01-11 13:00:00,0.9389323226780272
2021-01-11 14:00:00,0.8823651883630428
2021-01-11 15:00:00,0.874796538291447
2021-01-11 16:00:00,0.807848795225711
2021-01-11 17:00:00,0.9237455748576637
2021-01-11 18:00:00,0.8131006177914074
2021-01-11 19:00:00,0.898671224153533
2021-01-11 20:00:00,0.891759036231619
2021-01-11 21:00:00,0.9414539959257701
2021-01-11 22:00:00,0.9449780891213438
2021-01-11 23:00:00,0.8990493110064354
2021-01-12 00:00:00,0.907128764188464
2021-01-12 01:00:00,0.9393681680377267
2021-01-12 02:00:00,0.9354494974056923
2021-01-12 03:00:00,0.9123127140862843
2021-01-12 04:00:00,0.9165813564019925
2021-01-12 05:00:00,0.9377682942534975
2021-01-12 06:00:00,0.9790818932124713
2021-01-12 07:00:00,0.9248948357657838
2021-01-12 08:00:00,0.9024453711367775
2021-01-12 09:00:00,0.8934280945912225
2021-01-12 10:00:00,0.9518157451158494
2021-01-12 11:00:00,0.9364297111542326
2021-01-12 12:00:00,0.9126598242183541
2021-01-12 13:00:00,0.9070079039602671
2021-01-12 14:00:00,0.9268374705584898
2021-01-12 15:00:00,0.9278008353228736
2021-01-12 16:00:00,0.9244423231801425
2021-01-12 17:00:00,1.0024618138624846
2021-01-12 18:00:00,0.922863392073318
2021-01-12 19:00:00,0.9493502315573548
2021-01-12 20:00:00,0.9305097505426444
2021-01-12 21:00:00,0.8596176844193371
2021-01-12 22:00:00,0.9367716674099155
2021-01-12 23:00:00,0.9179885012065592
2021-01-13 00:00:00,0.9019010396538273
2021-01-13 01:00:00,0.8990171578970766
2021-01-13 02:00:00,0.9226987049946886
2021-01-13 03:00:00,0.8560770181729009
2021-01-13 04:00:00,0.9367276452450164
2021-01-13 05:00:00,0.8929639984215898
2021-01-13 06:00:00,0.9300127927207242
2021-01-13 07:00:00,0.8621837163127314
2021-01-13 08:00:00,0.907412681069763
2021-01-13 09:00:00,0.8745682973879029
2021-01-13 10:00:00,0.8566588938857171
2021-01-13 11:00:00,0.9304499384502797
2021-01-13 12:00:00,0.8883464954928688
2021-01-13 13:00:00,0.8614337413206429
2021-01-13 14:00:00,0.9005224350496147
2021-01-13 15:00:00,0.8968144889330295
2021-01-13 16:00:00,0.919599981181143
2021-01-13 17:00:00,0.8861567003805884
2021-01-13 18:00:00,0.8981917122239319
2021-01-13 19:00:00,1.0295116432080955
2021-01-13 20:00:00,0.8904813300105715
2021-01-13 21:00:00,0.9346034022253897
2021-01-13 22:00:00,0.9029592546212472
2021-01-13 23:00:00,1.0122591227935276
2021-01-14 00:00:00,0.9093983526476248
2021-01-14 01:00:00,0.9134808956292227
2021-01-14 02:00:00,0.8419305166820071
2021-01-14 03:00:00,0.853343058128911
2021-01-14 04:00:00,0.8601000928073135
2021-01-14 05:00:00,0.8225792798190261
2021-01-14 06:00:00,0.8498249096794654
2021-01-14 07:00:00,0.9110756082378539
2021-01-14 08:00:00,0.8859539012783424
2021-01-14 09:00:00,0.8889086607208819
2021-01-14 10:00:00,0.8970532465039792
2021-01-14 11:00:00,0.9768822877861554
2021-01-14 12:00:00,1.0019711828534648
2021-01-14 13:00:00,0.9660722246918738
2021-01-14 14:00:00,0.9805602713242314
2021-01-14 15:00:00,0.9739662695405105
2021-01-14 16:00:00,0.9897403878635346
2021-01-14 17:00:00,0.9523664982930513
2021-01-14 18:00:00,1.0037732591756843
2021-01-14 19:00:00,1.0195302376325353
2021-01-14 20:00:00,0.920976385463101
2021-01-14 21:00:00,0.9154119174569689
2021-01-14 22:00:00,0.9699975558883331
2021-01-15 00:00:00,0.873026238033741
2021-01-15 01:00:00,0.8885225500237296
2021-01-15 02:00:00,0.933922166306521
2021-01-15 03:00:00,0.9293467863399981
2021-01-15 04:00:00,0.9175639528296724
2021-01-15 05:00:00,0.9126813162331726
2021-01-15 06:00:00,0.9479122655710319
2021-01-15 07:00:00,0.9353365461161498
2021-01-15 08:00:00,0.9525470210694392
2021-01-15 09:00:00,0.9435102412558536
2021-01-15 10:00:00,0.9269566888167788
2021-01-15 11:00:00,0.904436181422276
2021-01-15 12:00:00,0.9141354211624908
2021-01-15 13:00:00,0.9511928608340746
2021-01-15 14:00:00,0.978649147737897
2021-01-15 15:00:00,0.9368714590446304
2021-01-15 16:00:00,0.9369547696663817
2021-01-15 17:00:00,0.8414363301895014
2021-01-15 18:00:00,0.987380602470609
2021-01-15 20:00:00,0.9139043631479311
2021-01-15 21:00:00,0.9414756437248546
2021-01-15 22:00:00,0.8490924026063478
2021-01-15 23:00:00,0.9028770367803549
2021-01-16 00:00:00,0.9383326804543011
2021-01-16 01:00:00,0.9002335245491918
2021-01-16 02:00:00,0.9476432217314947
2021-01-16 03:00:00,0.9169256432172295
2021-01-16 04:00:00,0.9062698287296111
2021-01-16 05:00:00,0.9070425767161782
2021-01-16 06:00:00,0.9281692694630893
2021-01-16 07:00:00,0.9503169606090446
2021-01-16 08:00:00,0.9475219268913218
2021-01-16 09:00:00,0.9386331867304077
2021-01-16 10:00:00,1.0283152868353111
2021-01-16 11:00:00,1.0320410877811996
2021-01-16 12:00:00,1.0257262259273494
2021-01-16 13:00:00,1.004678378501948
2021-01-16 14:00:00,0.9652698968780719
2021-01-16 15:00:00,0.9028410434161392
2021-01-16 16:00:00,0.9518426276614474
2021-01-16 17:00:00,0.9713590731904472
2021-01-16 18:00:00,0.9092101619779323
2021-01-16 19:00:00,0.905018583437602
2021-01-16 20:00:00,0.9140269351638357
2021-01-16 21:00:00,0.9058072937520575
2021-01-16 22:00:00,0.9049237895300902
2021-01-16 23:00:00,0.9406320974567641
2021-01-17 00:00:00,0.9410845496727147
2021-01-17 01:00:00,0.9081064186880842
2021-01-17 02:00:00,0.9348089273993211
2021-01-17 03:00:00,0.936766053006821
2021-01-17 04:00:00,0.9356444185860101
2021-01-17 05:00:00,0.9072167582025363
2021-01-17 06:00:00,0.9048665027819355
2021-01-17 07:00:00,0.8973666317280644
2021-01-17 08:00:00,0.9015374001723863
2021-01-17 09:00:00,0.9871816319824747
2021-01-17 10:00:00,0.9903684017443805
2021-01-17 11:00:00,0.9494651568903275
2021-01-17 12:00:00,1.1196028373468943
2021-01-17 13:00:00,0.9641715434458952
2021-01-17 14:00:00,0.9526478156484228
2021-01-17 15:00:00,0.9138882902618881
2021-01-17 16:00:00,0.9202317772853151
2021-01-17 18:00:00,0.981287479068362
2021-01-17 19:00:00,0.973702215285874
2021-01-17 20:00:00,0.9428834504112283
2021-01-17 21:00:00,0.9282896260263871
2021-01-17 22:00:00,0.970785260155998
2021-01-17 23:00:00,0.9600418676222322
2021-01-18 00:00:00,0.9451441608231992
2021-01-18 01:00:00,0.9266927215014755
2021-01-18 02:00:00,0.9173801133913241
2021-01-18 03:00:00,0.9345560331253518
2021-01-18 04:00:00,0.9215525986235801
2021-01-18 05:00:00,0.9635059713616971
2021-01-18 06:00:00,0.9827306473608527
2021-01-18 07:00:00,0.9634757905802149
2021-01-18 08:00:00,0.9483496264262329
2021-01-18 09:00:00,0.957933204242893
2021-01-18 10:00:00,0.9997732442121798
2021-01-18 11:00:00,0.997063406934867
2021-01-18 12:00:00,1.0023370135735115
2021-01-18 13:00:00,0.9818497823518726
2021-01-18 14:00:00,0.9687879808839581
2021-01-18 15:00:00,0.9515356429762072
2021-01-18 16:00:00,0.7738308088450536
2021-01-18 17:00:00,0.9681696177471056
2021-01-18 18:00:00,0.9776620389552348
2021-01-18 19:00:00,1.0445236457349576
2021-01-18 20:00:00,0.979851050215687
2021-01-18 21:00:00,1.029963419505893
2021-01-18 22:00:00,1.03285487297298
2021-01-18 23:00:00,0.9381581057754496
2021-01-19 00:00:00,0.9126732649185532
2021-01-19 01:00:00,0.9433194347756919
2021-01-19 02:00:00,1.000736111222556
2021-01-19 03:00:00,0.943750552217561
2021-01-19 04:00:00,0.9508445483793188
2021-01-19 05:00:00,0.9561865173709219
2021-01-19 06:00:00,1.0272394502978928
2021-01-19 07:00:00,0.9839337820031627
2021-01-19 08:00:00,0.9571446182188271
2021-01-19 09:00:00,1.0066757979596428
2021-01-19 10:00:00,0.9880188685587256
2021-01-19 11:00:00,0.9466111404793888
2021-01-19 12:00:00,0.9545292773800507
2021-01-19 13:00:00,0.9955851696249425
2021-01-19 14:00:00,0.9492499321532885
2021-01-19 15:00:00,0.9671066662134175
2021-01-19 16:00:00,0.9718140607186131
2021-01-19 17:00:00,1.0006437968431867
2021-01-19 18:00:00,1.0521368946184089
2021-01-19 19:00:00,0.9998867631473405
2021-01-19 20:00:00,1.031036564014259
2021-01-19 21:00:00,0.9947888359325541
2021-01-19 22:00:00,0.9902742856452593
2021-01-19 23:00:00,0.9744156628872119
2021-01-20 00:00:00,0.9697482759209024
2021-01-20 01:00:00,0.99189877413355
2021-01-20 02:00:00,1.0008906854427984
2021-01-20 03:00:00,0.9521255915692804
2021-01-20 04:00:00,1.001306367138539
2021-01-20 05:00:00,1.006442713736248
2021-01-20 06:00:00,1.0033527478638469
2021-01-20 07:00:00,0.9901583182543491
2021-01-20 08:00:00,0.9650002416216251
2021-01-20 09:00:00,0.9766031766152915
2021-01-20 10:00:00,1.0496180508415178
2021-01-20 11:00:00,0.993271104524535
2021-01-20 12:00:00,1.002745153970337
2021-01-20 13:00:00,0.9546321617939788
2021-01-20 14:00:00,0.9597219085425753
2021-01-20 15:00:00,1.0122025314541996
2021-01-20 16:00:00,1.0169509098612055
2021-01-20 17:00:00,1.015225582659135
2021-01-20 18:00:00,1.054080598461446
2021-01-20 19:00:00,1.162915500794213
2021-01-20 20:00:00,1.1065008101618905
2021-01-20 21:00:00,1.1358220443946259
2021-01-20 22:00:00,1.011022544735193
2021-01-20 23:00:00,1.0478069944659627
2021-01-21 00:00:00,0.9921795383181581
2021-01-21 01:00:00,0.9482905857180137
2021-01-21 02:00:00,0.9354693185432227
2021-01-21 03:00:00,0.9801270906283555
2021-01-21 04:00:00,0.9744357864548909
2021-01-21 05:00:00,0.9828233466856425
2021-01-21 06:00:00,1.0462349558557078
2021-01-21 07:00:00,1.0093993582775556
2021-01-21 08:00:00,1.004414389101431
2021-01-21 09:00:00,0.9767288270599176
2021-01-21 10:00:00,0.9583988723000703
2021-01-21 11:00:00,0.9519633054648566
2021-01-21 12:00:00,1.0325528888100641
2021-01-21 13:00:00,0.962079377369589
2021-01-21 14:00:00,1.0508609618794031
2021-01-21 15:00:00,1.0987928356523007
2021-01-21 16:00:00,1.0495543288113431
2021-01-21 17:00:00,1.1612459802616035
2021-01-21 18:00:00,1.086312049613746
2021-01-21 19:00:00,1.1478961687814018
2021-01-21 20:00:00,1.115193386754007
2021-01-21 21:00:00,1.0191437987480798
2021-01-21 22:00:00,1.1466965395938176
2021-01-21 23:00:00,0.9987679967269901
2021-01-22 00:00:00,1.0236339509229624
2021-01-22 01:00:00,1.0246217098366528
2021-01-22 02:00:00,1.0069121712637368
2021-01-22 03:00:00,0.9660520056841445
2021-01-22 04:00:00,0.9887590538677234
2021-01-22 05:00:00,1.0063423045297948
2021-01-22 06:00:00,1.0367065038669456
2021-01-22 07:00:00,1.034185028450167
2021-01-22 08:00:00,1.0358492261515393
2021-01-22 09:00:00,1.041158795464389
2021-01-22 10:00:00,1.075387160559388
2021-01-22 11:00:00,1.0316801610376214
2021-01-22 12:00:00,1.0433713238667093
2021-01-22 13:00:00,1.0760680593893608
2021-01-22 14:00:00,1.034224224993317
2021-01-22 15:00:00,1.0910547117595477
2021-01-22 16:00:00,1.1362184727896885
2021-01-22 17:00:00,1.2202195021076314
2021-01-22 18:00:00,1.2026007867063768
2021-01-22 19:00:00,1.117675048671009
2021-01-22 20:00:00,1.0505653409555673
2021-01-22 21:00:00,0.9776334467987877
2021-01-22 22:00:00,0.9641987272833954
2021-01-22 23:00:00,0.9897108188379171
2021-01-23 00:00:00,0.9779379309803027
2021-01-23 01:00:00,0.9183874123067398
2021-01-23 02:00:00,0.9489586328195823
2021-01-23 03:00:00,0.8890730406205312
2021-01-23 04:00:00,0.8481742744216936
2021-01-23 05:00:00,0.8571200419581817
2021-01-23 06:00:00,0.8123109022693962
2021-01-23 07:00:00,0.8571388985858058
2021-01-23 08:00:00,0.9648763897945586
2021-01-23 09:00:00,0.9566948250159192
2021-01-23 10:00:00,1.010691575513939
2021-01-23 11:00:00,1.1063314469920973
2021-01-23 12:00:00,1.0511768605257434
2021-01-23 13:00:00,1.0405041911615374
2021-01-23 14:00:00,1.1099273806325056
2021-01-23 15:00:00,1.0865116408755382
2021-01-23 16:00:00,1.1298747614912241
2021-01-23 17:00:00,1.0308410155865926
2021-01-23 18:00:00,1.008633078210781
2021-01-23 19:00:00,0.9533015669674977
2021-01-23 20:00:00,0.9387245286729686
2021-01-23 21:00:00,0.9639323666988088
2021-01-23 22:00:00,0.97191819848705
2021-01-23 23:00:00,0.995586244377915
2021-01-24 00:00:00,1.045222436708592
2021-01-24 01:00:00,0.9253643498335703
2021-01-24 02:00:00,0.9499992632617502
2021-01-24 03:00:00,0.8819358422154623
2021-01-24 04:00:00,0.875920523880098
2021-01-24 05:00:00,0.7913204429755185
2021-01-24 06:00:00,0.8660303746612933
2021-01-24 07:00:00,0.8648023957726102
2021-01-24 08:00:00,0.8738555635306267
2021-01-24 09:00:00,0.9418001863457368
2021-01-24 10:00:00,1.0250302864910992
2021-01-24 11:00:00,1.0507428354102144
2021-01-24 12:00:00,1.0705402250581169
2021-01-24 13:00:00,1.107417247024025
2021-01-24 14:00:00,1.12147938127169
2021-01-24 15:00:00,1.0997697217959104
2021-01-24 16:00:00,1.0492368902752416
2021-01-24 17:00:00,0.9687047300611734
2021-01-24 18:00:00,0.9640503638555059
2021-01-24 19:00:00,0.9844382678984785
2021-01-24 20:00:00,0.8848793307527066
2021-01-24 21:00:00,0.8936973337671644
2021-01-24 22:00:00,0.9095709943604149
2021-01-24 23:00:00,0.8887370656324527
2021-01-25 00:00:00,1.031641397553036
2021-01-25 01:00:00,0.940761720769675
2021-01-25 02:00:00,0.9829713779116594
2021-01-25 03:00:00,1.0125444860632888
2021-01-25 04:00:00,0.9809107401543177
2021-01-25 05:00:00,0.947966193461426
2021-01-25 06:00:00,1.0415673167269928
2021-01-25 07:00:00,0.9738910231091041
2021-01-25 08:00:00,1.0018791673245617
2021-01-25 09:00:00,1.005742761389471
2021-01-25 10:00:00,1.0046013611077018
2021-01-25 11:00:00,1.0433444179602984
2021-01-25 12:00:00,1.0578720745968322
2021-01-25 13:00:00,1.0164589478650878
2021-01-25 14:00:00,0.9698952396815425
2021-01-25 15:00:00,1.025419618664031
2021-01-25 16:00:00,1.0035826196391449
2021-01-25 17:00:00,1.0328103875242036
2021-01-25 18:00:00,1.1546947219152885
2021-01-25 19:00:00,1.1150538422859395
2021-01-25 20:00:00,0.9877700259968669
2021-01-25 21:00:00,1.0340322179679695
2021-01-25 22:00:00,1.0137879266583019
2021-01-25 23:00:00,0.9985563572719696
2021-01-26 00:00:00,0.9542598740978475
2021-01-26 01:00:00,0.9066119829411665
2021-01-26 02:00:00,0.9412061724630206
2021-01-26 03:00:00,0.9602437922780682
2021-01-26 04:00:00,0.950047881622225
2021-01-26 05:00:00,0.9292595489225384
2021-01-26 06:00:00,0.974451542793771
2021-01-26 07:00:00,1.0060427019099856
2021-01-26 08:00:00,0.9666367758198928
2021-01-26 09:00:00,0.9365489684582307
2021-01-26 10:00:00,0.9739051332040928
2021-01-26 11:00:00,0.9856360992049753
2021-01-26 12:00:00,0.9277440958494275
2021-01-26 13:00:00,0.9723882331043864
2021-01-26 14:00:00,1.0470176664212414
2021-01-26 15:00:00,0.9987627055681956
2021-01-26 16:00:00,0.9461454411122258
2021-01-26 17:00:00,0.948771698910443
2021-01-26 18:00:00,1.0185938629415006
2021-01-26 19:00:00,1.009641987746655
2021-01-26 20:00:00,1.077512053349425
2021-01-26 21:00:00,0.9886882850121157
2021-01-26 22:00:00,0.9870040160863833
2021-01-26 23:00:00,0.9492818948197234
2021-01-27 00:00:00,0.9420115080539356
2021-01-27 01:00:00,0.8855439370239541
2021-01-27 02:00:00,0.8875455299942753
2021-01-27 03:00:00,0.9088891807238543
2021-01-27 04:00:00,0.882619438806218
2021-01-27 05:00:00,0.8850863360720407
2021-01-27 06:00:00,0.9521395292444259
2021-01-27 07:00:00,1.0036254743618662
2021-01-27 08:00:00,0.9689270005952351
2021-01-27 09:00:00,0.9709932939518664
2021-01-27 10:00:00,0.9162920174884128
2021-01-27 11:00:00,0.9530358414286009
2021-01-27 12:00:00,1.0150427379930085
2021-01-27 13:00:00,0.9196884512829947
2021-01-27 14:00:00,0.9873996708822037
2021-01-27 15:00:00,1.0053198916598982
2021-01-27 16:00:00,1.0222201975398553
2021-01-27 17:00:00,1.0246290594384926
2021-01-27 18:00:00,1.0462461314476288
2021-01-27 19:00:00,1.0281816765626466
2021-01-27 20:00:00,1.008311623026188
2021-01-27 21:00:00,0.9933511478622048
2021-01-27 22:00:00,0.9412500548101257
2021-01-27 23:00:00,0.9129335252972466
2021-01-28 00:00:00,0.994295959296809
2021-01-28 01:00:00,0.8643296129180388
2021-01-28 02:00:00,0.9673501129703442
2021-01-28 03:00:00,0.8651100067599221
2021-01-28 04:00:00,0.8411122129210149
2021-01-28 05:00:00,0.8720510144422462
2021-01-28 06:00:00,0.9271573765646703
2021-01-28 07:00:00,0.9247841831029533
2021-01-28 08:00:00,0.9030452084250788
2021-01-28 09:00:00,0.934399730061391
2021-01-28 10:00:00,0.9234145185688823
2021-01-28 11:00:00,0.9484154364100397
2021-01-28 12:00:00,0.9400468632972154
2021-01-28 13:00:00,0.9494765390427875
2021-01-28 14:00:00,0.9935872064161722
2021-01-28 15:00:00,1.00809158028476
2021-01-28 16:00:00,1.0308605200842367
2021-01-28 17:00:00,1.019203453425059
2021-01-28 18:00:00,1.000135353588196
2021-01-28 19:00:00,0.9737920617493608
2021-01-28 20:00:00,0.9722743223155322
2021-01-28 21:00:00,0.9220728431912325
2021-01-28 22:00:00,0.9488835785905654
2021-01-28 23:00:00,0.9146650051492113
2021-01-29 00:00:00,0.8718687936703675
2021-01-29 01:00:00,0.912336501104975
2021-01-29 02:00:00,0.9043472196662026
2021-01-29 03:00:00,0.8782775767263963
2021-01-29 04:00:00,0.8426419993867441
2021-01-29 05:00:00,0.8885423651363258
2021-01-29 06:00:00,0.9814836979552516
2021-01-29 07:00:00,0.9209005832209411
2021-01-29 08:00:00,0.9018193689528452
2021-01-29 09:00:00,0.9703947537470462
2021-01-29 10:00:00,0.9869305839428159
2021-01-29 11:00:00,0.9238052085801791
2021-01-29 12:00:00,0.9411557052253101
2021-01-29 13:00:00,0.9325448585641296
2021-01-29 14:00:00,0.9487426168642278
2021-01-29 15:00:00,1.0489842860414875
2021-01-29 16:00:00,1.0928047209884502
2021-01-29 17:00:00,1.1196818827050627
2021-01-29 18:00:00,1.0185978262850899
2021-01-29 19:00:00,0.9455573123352613
2021-01-29 20:00:00,0.9809689472196487
2021-01-29 21:00:00,0.9141379568786049
2021-01-29 22:00:00,0.8903521168986124
2021-01-29 23:00:00,0.9120302272045088
2021-01-30 00:00:00,0.9112813843483214
2021-01-30 01:00:00,0.9404692684039561
2021-01-30 02:00:00,0.8936079565415826
2021-01-30 03:00:00,0.888267425910093
2021-01-30 04:00:00,0.861438568842847
2021-01-30 05:00:00,0.831839941518323
2021-01-30 06:00:00,0.947559602368811
2021-01-30 07:00:00,0.9137929827213325
2021-01-30 08:00:00,0.8932824660203074
2021-01-30 09:00:00,0.8675040594590864
2021-01-30 10:00:00,0.9208825053891827
2021-01-30 11:00:00,0.9558957049528957
2021-01-30 12:00:00,0.9809656204365753
2021-01-30 13:00:00,0.9810604877596371
2021-01-30 14:00:00,1.0095890660504137
2021-01-30 15:00:00,1.0542427583128906
2021-01-30 16:00:00,1.0510816705763126
2021-01-30 17:00:00,0.9420293946182897
2021-01-30 18:00:00,0.9907560853139088
2021-01-30 19:00:00,0.8924864151725452
2021-01-30 20:00:00,0.8405115680875713
2021-01-30 21:00:00,0.8950627519007328
2021-01-30 22:00:00,0.9213378771791028
2021-01-30 23:00:00,0.9283412332509365
2021-01-31 00:00:00,0.8877388688581411
2021-01-31 01:00:00,0.8966023762520572
2021-01-31 02:00:00,0.948777333337036
2021-01-31 03:00:00,0.9398643981834671
2021-01-31 04:00:00,0.8839500302451172
2021-01-31 05:00:00,0.8555916163821168
2021-01-31 06:00:00,0.8785614511897292
2021-01-31 07:00:00,0.8418066605860738
2021-01-31 08:00:00,0.8981296485001395
2021-01-31 09:00:00,0.9096009125676559
2021-01-31 10:00:00,0.9997299101286592
2021-01-31 11:00:00,1.075331860801006
2021-01-31 12:00:00,0.9922917063547763
2021-01-31 13:00:00,1.046391894819021
2021-01-31 14:00:00,1.0335853433714106
2021-01-31 15:00:00,1.0246984717203318
2021-01-31 16:00:00,0.9088456856751455
2021-01-31 17:00:00,0.8710840362087541
2021-01-31 18:00:00,0.9250352611524325
2021-01-31 19:00:00,0.8831106752079158
2021-01-31 20:00:00,0.890871553383506
2021-01-31 21:00:00,0.917634779200338
2021-01-31 22:00:00,0.8606596851650338
2021-01-31 23:00:00,0.9104073678020521
2021-06-01 00:00:00,0.23352620649368222
2021-06-01 01:00:00,0.22653840782666004
2021-06-01 02:00:00,0.2256260760968736
2021-06-01 03:00:00,0.22695111446348232
2021-06-01 04:00:00,0.22875753952794614
2021-06-01 05:00:00,0.2299518942458031
2021-06-01 06:00:00,0.23201106960376397
2021-06-01 07:00:00,0.24709764524195288
2021-06-01 08:00:00,0.24828524254230258
2021-06-01 09:00:00,0.24924395199575203
2021-06-01 10:00:00,0.2448396932475208
2021-06-01 11:00:00,0.23377245271577132
2021-06-01 12:00:00,0.2332776970345463
2021-06-01 13:00:00,0.23270987837348692
2021-06-01 14:00:00,0.2308798765528633
2021-06-01 15:00:00,0.23302042760388353
2021-06-01 16:00:00,0.23523936644214224
2021-06-01 17:00:00,0.2520494497091802
2021-06-01 18:00:00,0.28083014445973875
2021-06-01 19:00:00,0.3100496284582351
2021-06-01 20:00:00,0.2832427629928728
2021-06-01 21:00:00,0.23555896566934453
2021-06-01 22:00:00,0.23783147596621257
2021-06-01 23:00:00,0.23459741360692168
2021-06-02 00:00:00,0.23622850375178886
2021-06-02 01:00:00,0.22983153198414502
2021-06-02 02:00:00,0.22919062505770108
2021-06-02 03:00:00,0.22790344079653543
2021-06-02 04:00:00,0.22710152073662007
2021-06-02 05:00:00,0.22859711807155988
2021-06-02 06:00:00,0.22839791545510377
2021-06-02 07:00:00,0.2324347534361583
2021-06-02 08:00:00,0.2453192373000006
2021-06-02 09:00:00,0.23287398542989535
2021-06-02 10:00:00,0.23633798938170508
2021-06-02 11:00:00,0.23908743887805656
2021-06-02 12:00:00,0.24398772827307852
2021-06-02 13:00:00,0.23811466584707702
2021-06-02 14:00:00,0.23436034664784233
2021-06-02 15:00:00,0.23583235393940732
2021-06-02 16:00:00,0.23548178571388476
2021-06-02 17:00:00,0.23559164016438391
2021-06-02 18:00:00,0.2732612897429736
2021-06-02 19:00:00,0.23634804233145829
2021-06-02 20:00:00,0.2323889175825665
2021-06-02 21:00:00,0.23516876708044437
2021-06-02 22:00:00,0.23658543879710714
2021-06-02 23:00:00,0.23791420098060792
2021-06-03 00:00:00,0.23841934349520416
2021-06-03 01:00:00,0.23107836242477703
2021-06-03 02:00:00,0.23054001842923472
2021-06-03 03:00:00,0.2310366526533488
2021-06-03 04:00:00,0.2352465202923914
2021-06-03 05:00:00,0.2311149355253965
2021-06-03 06:00:00,0.23325083183731507
2021-06-03 07:00:00,0.23347081050930996
2021-06-03 08:00:00,0.2360449314840618
2021-06-03 09:00:00,0.2409968625544721
2021-06-03 10:00:00,0.23451402525192497
2021-06-03 11:00:00,0.23855202814211665
2021-06-03 12:00:00,0.2408254231369097
2021-06-03 13:00:00,0.24107121754143887
2021-06-03 14:00:00,0.23659946500676993
2021-06-03 15:00:00,0.23312629925976952
2021-06-03 16:00:00,0.24031753799509706
2021-06-03 17:00:00,0.29945904200819207
2021-06-03 18:00:00,0.24377401858893005
2021-06-03 19:00:00,0.2448457648440296
2021-06-03 20:00:00,0.2438171387970911
2021-06-03 21:00:00,0.23849791793369476
2021-06-03 22:00:00,0.2347567722389337
2021-06-03 23:00:00,0.2359915889956383
2021-06-04 00:00:00,0.23801399930944267
2021-06-04 01:00:00,0.2364325945633503
2021-06-04 02:00:00,0.23675439004283738
2021-06-04 03:00:00,0.23718433194770033
2021-06-04 04:00:00,0.23531284062601765
2021-06-04 05:00:00,0.23434805952259652
2021-06-04 06:00:00,0.23486053113199826
2021-06-04 07:00:00,0.2368232100514127
2021-06-04 08:00:00,0.23557616351880223
2021-06-04 09:00:00,0.2379463084621125
2021-06-04 10:00:00,0.24177924291430766
2021-06-04 11:00:00,0.23623155011943053
2021-06-04 12:00:00,0.24257705126178006
2021-06-04 13:00:00,0.24163956989314067
2021-06-04 14:00:00,0.24291629133665393
2021-06-04 15:00:00,0.2407468641845182
2021-06-04 16:00:00,0.2545293087507814
2021-06-04 17:00:00,0.29980106291963793
2021-06-04 18:00:00,0.24615080667744163
2021-06-04 19:00:00,0.24152574843675956
2021-06-04 20:00:00,0.23379968229478965
2021-06-04 21:00:00,0.23423281210280356
2021-06-04 22:00:00,0.23920213172242777
2021-06-04 23:00:00,0.23988415701979826
2021-06-05 00:00:00,0.2381075559072672
2021-06-05 01:00:00,0.23172815453516607
2021-06-05 02:00:00,0.2312281428593691
2021-06-05 03:00:00,0.23279687447512482
2021-06-05 04:00:00,0.23328217386529487
2021-06-05 05:00:00,0.2312868747398734
2021-06-05 06:00:00,0.23428458192337911
2021-06-05 07:00:00,0.2350675151483146
2021-06-05 08:00:00,0.2352430797884586
2021-06-05 09:00:00,0.2773608137947932
2021-06-05 10:00:00,0.24837686771054732
2021-06-05 11:00:00,0.2546805912986327
2021-06-05 12:00:00,0.2369461927678018
2021-06-05 13:00:00,0.2458916382444931
2021-06-05 14:00:00,0.25883022120101723
2021-06-05 15:00:00,0.26334928728591817
2021-06-05 16:00:00,0.2429302451106004
2021-06-05 17:00:00,0.23882330633617568
2021-06-05 18:00:00,0.24186830522691208
2021-06-05 19:00:00,0.23594949198669576
2021-06-05 20:00:00,0.23392168436054991
2021-06-05 21:00:00,0.23235548683758514
2021-06-05 22:00:00,0.23656707821263662
2021-06-05 23:00:00,0.23617510457468743
2021-06-06 00:00:00,0.23446297545930772
2021-06-06 01:00:00,0.2342144381190654
2021-06-06 02:00:00,0.23351479614794088
2021-06-06 03:00:00,0.23395001065070883
2021-06-06 04:00:00,0.23257437303886913
2021-06-06 05:00:00,0.23380614132576974
2021-06-06 06:00:00,0.2327336409929887
2021-06-06 07:00:00,0.23556767241839383
2021-06-06 08:00:00,0.23403165065393586
2021-06-06 09:00:00,0.2317687805298728
2021-06-06 10:00:00,0.23032131315676588
2021-06-06 11:00:00,0.26474460539317085
2021-06-06 12:00:00,0.24495418958153267
2021-06-06 13:00:00,0.236962521745817
2021-06-06 14:00:00,0.23953810279827767
2021-06-06 15:00:00,0.2490466539374794
2021-06-06 16:00:00,0.2401423558421475
2021-06-06 17:00:00,0.2312873667463845
2021-06-06 18:00:00,0.2314342432520582
2021-06-06 19:00:00,0.30328740385576763
2021-06-06 20:00:00,0.3234472293223891
2021-06-06 21:00:00,0.24075864118406615
2021-06-06 22:00:00,0.23724518143419057
2021-06-06 23:00:00,0.2391709704211283
2021-06-07 00:00:00,0.23733367574410458
2021-06-07 01:00:00,0.23685764527239897
2021-06-07 02:00:00,0.23892285113935147
2021-06-07 03:00:00,0.23874120699711265
2021-06-07 04:00:00,0.23863893791076418
2021-06-07 05:00:00,0.23812326889227325
2021-06-07 06:00:00,0.23613603579718812
2021-06-07 07:00:00,0.23867559492954896
2021-06-07 08:00:00,0.23500124028100955
2021-06-07 09:00:00,0.23229855911784733
2021-06-07 10:00:00,0.2322473807804573
2021-06-07 11:00:00,0.23381972715104873
2021-06-07 12:00:00,0.2342860549168547
2021-06-07 13:00:00,0.23435083465280768
2021-06-07 14:00:00,0.23179656198279294
2021-06-07 15:00:00,0.2309797092777508
2021-06-07 16:00:00,0.23117874937626334
2021-06-07 17:00:00,0.22973480442614075
2021-06-07 18:00:00,0.2356073401852296
2021-06-07 19:00:00,0.2371438731507369
2021-06-07 20:00:00,0.23344840101677283
2021-06-07 21:00:00,0.26275994819413145
2021-06-07 22:00:00,0.23450339237989817
2021-06-07 23:00:00,0.2262783275726233
2021-06-08 00:00:00,0.22700718966626954
2021-06-08 01:00:00,0.22635645320273962
2021-06-08 02:00:00,0.2276982229328447
2021-06-08 03:00:00,0.2241884796320109
2021-06-08 04:00:00,0.2306133168054268
2021-06-08 05:00:00,0.2279301075366075
2021-06-08 06:00:00,0.2332526121571089
2021-06-08 07:00:00,0.23099859947238932
2021-06-08 08:00:00,0.22780827446194174
2021-06-08 09:00:00,0.23009094443181166
2021-06-08 10:00:00,0.23303797498730036
2021-06-08 11:00:00,0.23450295277061087
2021-06-08 12:00:00,0.23199738339563958
2021-06-08 13:00:00,0.2336009596168328
2021-06-08 14:00:00,0.2335331794924381
2021-06-08 15:00:00,0.2365074594821708
2021-06-08 16:00:00,0.24193871247917986
2021-06-08 17:00:00,0.2611257527823798
2021-06-08 18:00:00,0.2354807547849436
2021-06-08 19:00:00,0.2588490897362995
2021-06-08 20:00:00,0.3013630213072332
2021-06-08 21:00:00,0.2990508179680934
2021-06-08 22:00:00,0.2553188553701433
2021-06-08 23:00:00,0.23515097910625096
2021-06-09 00:00:00,0.23643277391384607
2021-06-09 01:00:00,0.2352689255881129
2021-06-09 02:00:00,0.23869158824128714
2021-06-09 03:00:00,0.2390000372991235
2021-06-09 04:00:00,0.23892045705394965
2021-06-09 05:00:00,0.2361708298722252
2021-06-09 06:00:00,0.23524190845689608
2021-06-09 07:00:00,0.23751677845638677
2021-06-09 08:00:00,0.23055355492097954
2021-06-09 09:00:00,0.23535972118421095
2021-06-09 10:00:00,0.23765156736417145
2021-06-09 11:00:00,0.23560199677256102
2021-06-09 12:00:00,0.2310839896385601
2021-06-09 13:00:00,0.2325447151711701
2021-06-09 14:00:00,0.23235501280704868
2021-06-09 15:00:00,0.2302852270452338
2021-06-09 16:00:00,0.23683750073953294
2021-06-09 17:00:00,0.24286804558463532
2021-06-09 18:00:00,0.23988091734422576
2021-06-09 19:00:00,0.3105875813352641
2021-06-09 20:00:00,0.2444852836437531
2021-06-09 21:00:00,0.29990174719325335
2021-06-09 22:00:00,0.23975040421213112
2021-06-09 23:00:00,0.23446972557705154
2021-06-10 00:00:00,0.229217627249351
2021-06-10 01:00:00,0.23679726528668837
2021-06-10 02:00:00,0.2386545569513
2021-06-10 03:00:00,0.23731088480430512
2021-06-10 04:00:00,0.23971596309493934
2021-06-10 05:00:00,0.2351855756575871
2021-06-10 06:00:00,0.23857976044555412
2021-06-10 07:00:00,0.2418721014753972
2021-06-10 08:00:00,0.2409259681031127
2021-06-10 09:00:00,0.25262889869452154
2021-06-10 10:00:00,0.26487461544412555
2021-06-10 11:00:00,0.26151229658846087
2021-06-10 12:00:00,0.2568598637268164
2021-06-10 13:00:00,0.2572470887737111
2021-06-10 14:00:00,0.2464536193658303
2021-06-10 15:00:00,0.24773664461734066
2021-06-10 16:00:00,0.2521644154707943
2021-06-10 17:00:00,0.2495897700709192
2021-06-10 18:00:00,0.2613528976873346
2021-06-10 19:00:00,0.30032249208360856
2021-06-10 20:00:00,0.2523598353450456
2021-06-10 21:00:00,0.2526665954033229
2021-06-10 22:00:00,0.25196824190488754
2021-06-10 23:00:00,0.2450243030026334
2021-06-11 00:00:00,0.23828591518284037
2021-06-11 01:00:00,0.24246887632485617
2021-06-11 02:00:00,0.2418936445056489
2021-06-11 03:00:00,0.23947605943626213
2021-06-11 04:00:00,0.23959230134834808
2021-06-11 05:00:00,0.24028307046674846
2021-06-11 06:00:00,0.2404485785395091
2021-06-11 07:00:00,0.24693628579211957
2021-06-11 08:00:00,0.24101728082812524
2021-06-11 09:00:00,0.23981412615211392
2021-06-11 10:00:00,0.24072046253651053
2021-06-11 11:00:00,0.24165967942502942
2021-06-11 12:00:00,0.24322572504131493
2021-06-11 13:00:00,0.24554283867343946
2021-06-11 14:00:00,0.2484850913673953
2021-06-11 15:00:00,0.24230585512308622
2021-06-11 16:00:00,0.2608182307203372
2021-06-11 17:00:00,0.2947466419719036
2021-06-11 18:00:00,0.2640992809536749
2021-06-11 19:00:00,0.2546667859654562
2021-06-11 20:00:00,0.24741525095135997
2021-06-11 21:00:00,0.24915492563536157
2021-06-11 22:00:00,0.24639995918728352
2021-06-11 23:00:00,0.24580967946124366
2021-06-12 00:00:00,0.2439961148762665
2021-06-12 01:00:00,0.24629443571826765
2021-06-12 02:00:00,0.24300522425609125
2021-06-12 03:00:00,0.2412456157789658
2021-06-12 04:00:00,0.2398619289781288
2021-06-12 05:00:00,0.23972976085801595
2021-06-12 06:00:00,0.24026383126805492
2021-06-12 07:00:00,0.2423341603915773
2021-06-12 08:00:00,0.2660493471732213
2021-06-12 09:00:00,0.2701187992357713
2021-06-12 10:00:00,0.2438315722697872
2021-06-12 11:00:00,0.24737907329818182
2021-06-12 12:00:00,0.2570488668621211
2021-06-12 13:00:00,0.25353525175650216
2021-06-12 14:00:00,0.2484845655625246
2021-06-12 15:00:00,0.24908582905747362
2021-06-12 16:00:00,0.25880999712150154
2021-06-12 17:00:00,0.28776894210021897
2021-06-12 18:00:00,0.2501034897307036
2021-06-12 19:00:00,0.24386168652370133
2021-06-12 20:00:00,0.24764886780872053
2021-06-12 21:00:00,0.24665624277608172
2021-06-12 22:00:00,0.24585022883483174
2021-06-12 23:00:00,0.24474516484442946
2021-06-13 00:00:00,0.24283984918802087
2021-06-13 01:00:00,0.24172033202279783
2021-06-13 02:00:00,0.24209993699708346
2021-06-13 03:00:00,0.23955186600959888
2021-06-13 04:00:00,0.24408792006038146
2021-06-13 05:00:00,0.24059221281734502
2021-06-13 06:00:00,0.24271608417068652
2021-06-13 07:00:00,0.24076450464378996
2021-06-13 08:00:00,0.24341677678400125
2021-06-13 09:00:00,0.24720629180227216
2021-06-13 10:00:00,0.26441915507078595
2021-06-13 11:00:00,0.259688779847738
2021-06-13 12:00:00,0.24041219919800128
2021-06-13 13:00:00,0.2413453491943276
2021-06-13 14:00:00,0.24396565864336098
2021-06-13 15:00:00,0.24083844479050115
2021-06-13 16:00:00,0.23159387021464106
2021-06-13 17:00:00,0.23006993002080484
2021-06-13 18:00:00,0.23369479981244584
2021-06-13 19:00:00,0.23480250684609325
2021-06-13 20:00:00,0.23216394619106004
2021-06-13 21:00:00,0.23304815796495676
2021-06-13 22:00:00,0.2351357875642212
2021-06-13 23:00:00,0.23896896134462706
2021-06-14 00:00:00,0.23851986068473072
2021-06-14 01:00:00,0.23534816954904622
2021-06-14 02:00:00,0.23555618659640087
2021-06-14 03:00:00,0.24054277387844525
2021-06-14 04:00:00,0.23479456553183323
2021-06-14 05:00:00,0.2410913578770354
2021-06-14 06:00:00,0.243703719212158
2021-06-14 07:00:00,0.23941794094428753
2021-06-14 08:00:00,0.24396075370422113
2021-06-14 09:00:00,0.24177991725650905
2021-06-14 10:00:00,0.240712169413857
2021-06-14 11:00:00,0.23554215098244455
2021-06-14 12:00:00,0.23587042019136997
2021-06-14 13:00:00,0.23445283507905437
2021-06-14 14:00:00,0.23738013355897017
2021-06-14 15:00:00,0.239854340121145
2021-06-14 16:00:00,0.23689423757287897
2021-06-14 17:00:00,0.2351116810072997
2021-06-14 18:00:00,0.23754585175106097
2021-06-14 19:00:00,0.2364021044082389
2021-06-14 20:00:00,0.23621348965078445
2021-06-14 21:00:00,0.23884771822959566
2021-06-14 22:00:00,0.22765614173515025
2021-06-14 23:00:00,0.2361414286181718
2021-06-15 00:00:00,0.23513104035382287
2021-06-15 01:00:00,0.24476251742685232
2021-06-15 02:00:00,0.2371549117957448
2021-06-15 03:00:00,0.24048092304358512
2021-06-15 04:00:00,0.2429698399018311
2021-06-15 05:00:00,0.23772093027547536
2021-06-15 06:00:00,0.24228454951223816
2021-06-15 07:00:00,0.24092481988542014
2021-06-15 08:00:00,0.2267317075166635
2021-06-15 09:00:00,0.2271023098393793
2021-06-15 10:00:00,0.22970823039065175
2021-06-15 11:00:00,0.22522172725099943
2021-06-15 12:00:00,0.22675599283030964
2021-06-15 13:00:00,0.22686084783090205
2021-06-15 14:00:00,0.2258414393415211
2021-06-15 15:00:00,0.22685401836301006
2021-06-15 16:00:00,0.23002691162398112
2021-06-15 17:00:00,0.3027772426749782
2021-06-15 18:00:00,0.22892216670579935
2021-06-15 19:00:00,0.24885450642823084
2021-06-15 20:00:00,0.30440413494983204
2021-06-15 21:00:00,0.30060328510017037
2021-06-15 22:00:00,0.25407774772265945
2021-06-15 23:00:00,0.22622312783655418
2021-06-16 00:00:00,0.2229918033204547
2021-06-16 01:00:00,0.22382523358848114
2021-06-16 02:00:00,0.22524076538309795
2021-06-16 04:00:00,0.22523308084112253
2021-06-16 05:00:00,0.23290651339548463
2021-06-16 06:00:00,0.2299572407239233
2021-06-16 07:00:00,0.230316990428938
2021-06-16 08:00:00,0.22327739336262492
2021-06-16 09:00:00,0.22326737035962685
2021-06-16 10:00:00,0.22234641206227887
2021-06-16 11:00:00,0.2235847143396396
2021-06-16 12:00:00,0.22137186811652707
2021-06-16 13:00:00,0.22335525993848357
2021-06-16 14:00:00,0.22347084568410894
2021-06-16 15:00:00,0.22275042780851081
2021-06-16 16:00:00,0.2267385620491853
2021-06-16 17:00:00,0.2508497539351108
2021-06-16 18:00:00,0.2798769639461476
2021-06-16 19:00:00,0.29445195624786175
2021-06-16 20:00:00,0.24756833896738945
2021-06-16 21:00:00,0.2297370905060971
2021-06-16 22:00:00,0.21813112220255057
2021-06-16 23:00:00,0.22174908636424484
2021-06-17 00:00:00,0.2216798634611131
2021-06-17 01:00:00,0.22293141154021287
2021-06-17 02:00:00,0.2266088032454902
2021-06-17 03:00:00,0.2240087038160991
2021-06-17 04:00:00,0.22611943343555954
2021-06-17 05:00:00,0.2255056842793423
2021-06-17 06:00:00,0.2286631646556572
2021-06-17 07:00:00,0.22757651724267264
2021-06-17 08:00:00,0.225141411271091
2021-06-17 09:00:00,0.22223813497450182
2021-06-17 10:00:00,0.22281359199970685
2021-06-17 11:00:00,0.2242609749642302
2021-06-17 12:00:00,0.22641793512005035
2021-06-17 13:00:00,0.22379171983852436
2021-06-17 14:00:00,0.2234561899480235
2021-06-17 15:00:00,0.22587787698887488
2021-06-17 16:00:00,0.22521843736128488
2021-06-17 17:00:00,0.22806030302006203
2021-06-17 18:00:00,0.2237506891125061
2021-06-17 19:00:00,0.22688647188510158
2021-06-17 20:00:00,0.2240467302576587
2021-06-17 21:00:00,0.2287767028423451
2021-06-17 22:00:00,0.22911842761698392
2021-06-17 23:00:00,0.22830378123506295
2021-06-18 00:00:00,0.23405910872056038
2021-06-18 01:00:00,0.22594489384724195
2021-06-18 02:00:00,0.22596454213398726
2021-06-18 03:00:00,0.22693130525812483
2021-06-18 04:00:00,0.23097968754300763
2021-06-18 05:00:00,0.2284098403593131
2021-06-18 06:00:00,0.228251602858198
2021-06-18 07:00:00,0.2291169959276294
2021-06-18 08:00:00,0.2298809916232294
2021-06-18 09:00:00,0.2403162058992595
2021-06-18 10:00:00,0.2434293389069448
2021-06-18 11:00:00,0.231537793145296
2021-06-18 12:00:00,0.2295373947655758
2021-06-18 13:00:00,0.23200374466307222
2021-06-18 14:00:00,0.23249264516433382
2021-06-18 15:00:00,0.23400251934187877
2021-06-18 16:00:00,0.2342387852102741
2021-06-18 17:00:00,0.23712400572637904
2021-06-18 18:00:00,0.22963430569114254
2021-06-18 19:00:00,0.2330357775448736
2021-06-18 20:00:00,0.23426060328339943
2021-06-18 21:00:00,0.2324231459293704
2021-06-18 22:00:00,0.23776882144595513
2021-06-18 23:00:00,0.2336234426348548
2021-06-19 00:00:00,0.24316661035156564
2021-06-19 01:00:00,0.24953015053505243
2021-06-19 02:00:00,0.23846555973905104
2021-06-19 03:00:00,0.24200941333264303
2021-06-19 04:00:00,0.23725754151957706
2021-06-19 05:00:00,0.2410164782765883
2021-06-19 06:00:00,0.2501598741294425
2021-06-19 07:00:00,0.23818241052278988
2021-06-19 08:00:00,0.24080812143016056
2021-06-19 09:00:00,0.2442074429988904
2021-06-19 10:00:00,0.24773549693917793
2021-06-19 11:00:00,0.2440073714027168
2021-06-19 12:00:00,0.2430357648031951
2021-06-19 13:00:00,0.2425729497611055
2021-06-19 14:00:00,0.237589506465458
2021-06-19 15:00:00,0.24105033656980282
2021-06-19 16:00:00,0.24132411234084788
2021-06-19 17:00:00,0.24124347200025564
2021-06-19 18:00:00,0.23407953867263248
2021-06-19 19:00:00,0.23114113253826113
2021-06-19 20:00:00,0.22914209976190053
2021-06-19 21:00:00,0.22545449836252646
2021-06-19 22:00:00,0.2347333891174018
2021-06-19 23:00:00,0.23639906943789635
2021-06-20 00:00:00,0.24006263421705012
2021-06-20 01:00:00,0.24421474736057067
2021-06-20 02:00:00,0.2411456443152158
2021-06-20 03:00:00,0.241803789285723
2021-06-20 04:00:00,0.24069147189798304
2021-06-20 05:00:00,0.243936275514238
2021-06-20 06:00:00,0.24308744771995935
2021-06-20 07:00:00,0.23895102053465245
2021-06-20 08:00:00,0.23417027975161364
2021-06-20 09:00:00,0.23218741512026253
2021-06-20 10:00:00,0.22903998693413458
2021-06-20 11:00:00,0.27512008154844186
2021-06-20 12:00:00,0.257330649407004
2021-06-20 13:00:00,0.22925975757111225
2021-06-20 14:00:00,0.2268598659933121
2021-06-20 15:00:00,0.22984386080461722
2021-06-20 16:00:00,0.23010542073351503
2021-06-20 17:00:00,0.2324110535342984
2021-06-20 18:00:00,0.2282315692906689
2021-06-20 19:00:00,0.23418487562776596
2021-06-20 20:00:00,0.23271914399290095
2021-06-20 21:00:00,0.23447513947440637
2021-06-20 22:00:00,0.24294197172351467
2021-06-20 23:00:00,0.24171785913143606
2021-06-21 00:00:00,0.2370055876054488
2021-06-21 01:00:00,0.2326581146249656
2021-06-21 02:00:00,0.23779255860677784
2021-06-21 03:00:00,0.23293709276183588
2021-06-21 04:00:00,0.2320230079192589
2021-06-21 05:00:00,0.23313923532893502
2021-06-21 06:00:00,0.23450389420330192
2021-06-21 07:00:00,0.23249650417985504
2021-06-21 08:00:00,0.23450516357570053
2021-06-21 09:00:00,0.23576611621251348
2021-06-21 10:00:00,0.23102347942800927
2021-06-21 11:00:00,0.23812258142949966
2021-06-21 12:00:00,0.23647521071953345
2021-06-21 13:00:00,0.23679345866182389
2021-06-21 14:00:00,0.24051919713910652
2021-06-21 15:00:00,0.24459520448609134
2021-06-21 16:00:00,0.2448562298443352
2021-06-21 17:00:00,0.30386150042832777
2021-06-21 18:00:00,0.24464902804559713
2021-06-21 19:00:00,0.24149221688157438
2021-06-21 20:00:00,0.23780619470109005
2021-06-21 21:00:00,0.23705712743381327
2021-06-21 22:00:00,0.24005073023153475
2021-06-21 23:00:00,0.23655323422474808
2021-06-22 00:00:00,0.23057131724735327
2021-06-22 01:00:00,0.23117120911314062
2021-06-22 02:00:00,0.23250747764742066
2021-06-22 03:00:00,0.23296146758685546
2021-06-22 04:00:00,0.23511516139003827
2021-06-22 05:00:00,0.2308524214373061
2021-06-22 06:00:00,0.23586810685368936
2021-06-22 07:00:00,0.23945455073099456
2021-06-22 08:00:00,0.2378122239826607
2021-06-22 09:00:00,0.2333855406471701
2021-06-22 10:00:00,0.23629328100945352
2021-06-22 11:00:00,0.23929748056537728
2021-06-22 12:00:00,0.2334441108083654
2021-06-22 13:00:00,0.24103404376560114
2021-06-22 14:00:00,0.2383872096446816
2021-06-22 15:00:00,0.23256388197892308
2021-06-22 16:00:00,0.23945673355859265
2021-06-22 17:00:00,0.25443617330370516
2021-06-22 18:00:00,0.27164044534654497
2021-06-22 19:00:00,0.24436670714151415
2021-06-22 20:00:00,0.24091196719889818
2021-06-22 21:00:00,0.23794906951135592
2021-06-22 22:00:00,0.2404106515385212
2021-06-22 23:00:00,0.2393527062473308
2021-06-23 00:00:00,0.23752359513938529
2021-06-23 01:00:00,0.2349898716027471
2021-06-23 02:00:00,0.2307584766973051
2021-06-23 03:00:00,0.23425189302753
2021-06-23 04:00:00,0.23851479984042898
2021-06-23 05:00:00,0.23333429444237547
2021-06-23 06:00:00,0.23440326741400927
2021-06-23 07:00:00,0.23469468258031445
2021-06-23 08:00:00,0.2363146891383438
2021-06-23 09:00:00,0.2338838994963973
2021-06-23 10:00:00,0.23797564634336138
2021-06-23 11:00:00,0.2413305141439359
2021-06-23 12:00:00,0.24315623205228615
2021-06-23 13:00:00,0.24045507428394838
2021-06-23 14:00:00,0.23448646749598462
2021-06-23 15:00:00,0.2374443118478039
2021-06-23 16:00:00,0.23768495453337368
2021-06-23 17:00:00,0.2404900915085175
2021-06-23 18:00:00,0.2716945094393361
2021-06-23 19:00:00,0.26470001594931314
2021-06-23 20:00:00,0.23779342574562837
2021-06-23 21:00:00,0.24174037649535207
2021-06-23 22:00:00,0.2484201540223875
2021-06-23 23:00:00,0.24658427457544546
2021-06-24 00:00:00,0.23560563338798368
2021-06-24 01:00:00,0.23993336198445425
2021-06-24 02:00:00,0.235442761999725
2021-06-24 03:00:00,0.23962028577050046
2021-06-24 04:00:00,0.23367208748149723
2021-06-24 05:00:00,0.23751519415298564
2021-06-24 06:00:00,0.23839090107821592
2021-06-24 07:00:00,0.24140536763067036
2021-06-24 08:00:00,0.23389646806495706
2021-06-24 09:00:00,0.23728229391894912
2021-06-24 10:00:00,0.2332235465684869
2021-06-24 11:00:00,0.23892770005419453
2021-06-24 12:00:00,0.2344412065429407
2021-06-24 13:00:00,0.23540311444673692
2021-06-24 14:00:00,0.2350549638070305
2021-06-24 15:00:00,0.23178474540465455
2021-06-24 16:00:00,0.23526037855597576
2021-06-24 17:00:00,0.23799372359122328
2021-06-24 18:00:00,0.24824560425762082
2021-06-24 19:00:00,0.24927583541473253
2021-06-24 20:00:00,0.2509891943633972
2021-06-24 21:00:00,0.24507382386383364
2021-06-24 22:00:00,0.24412358309697152
2021-06-24 23:00:00,0.24481553109303977
2021-06-25 00:00:00,0.2399696522356178
2021-06-25 01:00:00,0.23377121750981775
2021-06-25 02:00:00,0.23689287135523357
2021-06-25 03:00:00,0.2344617486552803
2021-06-25 04:00:00,0.23589333682735295
2021-06-25 05:00:00,0.23315808767291302
2021-06-25 06:00:00,0.23468951586337533
2021-06-25 07:00:00,0.2360207002136809
2021-06-25 08:00:00,0.2415630859414173
2021-06-25 09:00:00,0.24031102342629299
2021-06-25 10:00:00,0.23826627408026851
2021-06-25 11:00:00,0.23912919106509117
2021-06-25 12:00:00,0.23831000138560568
2021-06-25 13:00:00,0.24095651281377284
2021-06-25 14:00:00,0.24033151647378592
2021-06-25 15:00:00,0.25312978091027283
2021-06-25 16:00:00,0.25337438206147445
2021-06-25 17:00:00,0.2508896304871389
2021-06-25 18:00:00,0.2431425135815367
2021-06-25 19:00:00,0.26804005489349136
2021-06-25 20:00:00,0.30189992651174236
2021-06-25 21:00:00,0.2461853899845254
2021-06-25 22:00:00,0.2364593645426267
2021-06-25 23:00:00,0.23679157822780103
2021-06-26 00:00:00,0.23816689750375136
2021-06-26 01:00:00,0.2315245244603468
2021-06-26 02:00:00,0.2350107943136027
2021-06-26 03:00:00,0.2328248116736172
2021-06-26 04:00:00,0.23537040867625011
2021-06-26 05:00:00,0.23469823924289868
2021-06-26 06:00:00,0.23612031721595286
2021-06-26 07:00:00,0.2321030598228685
2021-06-26 08:00:00,0.23663585406834872
2021-06-26 09:00:00,0.23787469269020414
2021-06-26 10:00:00,0.23835772804215755
2021-06-26 11:00:00,0.270543650706544
2021-06-26 12:00:00,0.24426798275798245
2021-06-26 13:00:00,0.23777206157241176
2021-06-26 14:00:00,0.23722393769599476
2021-06-26 15:00:00,0.23915023724232132
2021-06-26 16:00:00,0.2411472747162826
2021-06-26 17:00:00,0.254410155215464
2021-06-26 18:00:00,0.28310340372965814
2021-06-26 19:00:00,0.23845289349129278
2021-06-26 20:00:00,0.24053644238062605
2021-06-26 21:00:00,0.2364877615406511
2021-06-26 22:00:00,0.23989391382446676
2021-06-26 23:00:00,0.23877963327358706
2021-06-27 00:00:00,0.2371069679724119
2021-06-27 01:00:00,0.23573069463693347
2021-06-27 02:00:00,0.23636030699600227
2021-06-27 03:00:00,0.23692213355648756
2021-06-27 04:00:00,0.23408143496007588
2021-06-27 05:00:00,0.23479983952404182
2021-06-27 06:00:00,0.23625831278284593
2021-06-27 07:00:00,0.23218972727102377
2021-06-27 08:00:00,0.24097905197436226
2021-06-27 09:00:00,0.23743320727999156
2021-06-27 10:00:00,0.24114798493569023
2021-06-27 11:00:00,0.24077336100180236
2021-06-27 12:00:00,0.23833764402724228
2021-06-27 13:00:00,0.23776040783223426
2021-06-27 14:00:00,0.23731675348707207
2021-06-27 15:00:00,0.23682293589691106
2021-06-27 16:00:00,0.23710714950548828
2021-06-27 17:00:00,0.237592128588526
2021-06-27 18:00:00,0.23546796525471264
2021-06-27 19:00:00,0.23639439698071496
2021-06-27 20:00:00,0.24403233124282261
2021-06-27 21:00:00,0.24448611060672856
2021-06-27 22:00:00,0.24114404002973078
2021-06-27 23:00:00,0.24495197996200196
2021-06-28 00:00:00,0.24137180002764666
2021-06-28 01:00:00,0.23708509278030504
2021-06-28 02:00:00,0.23316866608423203
2021-06-28 03:00:00,0.2403782452464249
2021-06-28 04:00:00,0.24088674866022564
2021-06-28 05:00:00,0.24087731183974354
2021-06-28 06:00:00,0.23816039398713976
2021-06-28 07:00:00,0.2445406006606416
2021-06-28 08:00:00,0.250213941677736
2021-06-28 09:00:00,0.2507637069941494
2021-06-28 10:00:00,0.2536833527569323
2021-06-28 11:00:00,0.24428955402832833
2021-06-28 12:00:00,0.2511799956381945
2021-06-28 13:00:00,0.24421196416753632
2021-06-28 14:00:00,0.2427999575756982
2021-06-28 15:00:00,0.2419511352565213
2021-06-28 16:00:00,0.24103726620664911
2021-06-28 17:00:00,0.26210315867299716
2021-06-28 18:00:00,0.25601074045304534
2021-06-28 19:00:00,0.24143537716923266
2021-06-28 20:00:00,0.2371863544933171
2021-06-28 21:00:00,0.24175795773233547
2021-06-28 22:00:00,0.244260544093733
2021-06-28 23:00:00,0.24248039388785034
2021-06-29 00:00:00,0.24231761588443473
2021-06-29 01:00:00,0.23741505160917217
2021-06-29 02:00:00,0.23981423534757174
2021-06-29 03:00:00,0.23618869548315846
2021-06-29 04:00:00,0.23614518429012155
2021-06-29 05:00:00,0.23801086520829515
2021-06-29 06:00:00,0.23445763305066986
2021-06-29 07:00:00,0.23512793894372233
2021-06-29 08:00:00,0.23930269973488888
2021-06-29 09:00:00,0.23803614981809829
2021-06-29 10:00:00,0.2372375812515226
2021-06-29 11:00:00,0.23781685536601563
2021-06-29 12:00:00,0.23895066971642162
2021-06-29 13:00:00,0.24145982581771586
2021-06-29 14:00:00,0.23952347617272032
2021-06-29 15:00:00,0.2383022085481921
2021-06-29 16:00:00,0.2392325900314164
2021-06-29 17:00:00,0.23692281724883743
2021-06-29 18:00:00,0.2391982052302674
2021-06-29 19:00:00,0.23735796191833355
2021-06-29 20:00:00,0.24856038947712633
2021-06-29 21:00:00,0.23885281070969652
2021-06-29 22:00:00,0.23588296281087057
2021-06-29 23:00:00,0.2401353023464816
2021-06-30 00:00:00,0.23370284774082659
2021-06-30 01:00:00,0.23518559058363242
2021-06-30 02:00:00,0.23226120207799822
2021-06-30 03:00:00,0.23477246687234343
2021-06-30 04:00:00,0.23735970370681755
2021-06-30 05:00:00,0.23425865789015754
2021-06-30 06:00:00,0.2374217524467186
2021-06-30 07:00:00,0.23794701611102487
2021-06-30 08:00:00,0.24439132396485566
2021-06-30 09:00:00,0.2379876209844109
2021-06-30 10:00:00,0.24058011028392162
2021-06-30 11:00:00,0.24424342913924268
2021-06-30 12:00:00,0.23432100082542628
2021-06-30 13:00:00,0.24044098162584981
2021-06-30 14:00:00,0.23916292736442435
2021-06-30 15:00:00,0.244567534671749
2021-06-30 16:00:00,0.23938422975697207
2021-06-30 17:00:00,0.26908642656644105
2021-06-30 18:00:00,0.2422316916712464
2021-06-30 19:00:00,0.2411767744132442
2021-06-30 20:00:00,0.24483156857150107
2021-06-30 21:00:00,0.251382692422757
2021-06-30 22:00:00,0.2536559173290909
2021-06-30 23:00:00,0.2568158025093055
2021-07-01 00:00:00,0.2631492538513446
2021-07-01 01:00:00,0.2542183725420588
2021-07-01 02:00:00,0.25671613271160265
2021-07-01 03:00:00,0.25011758254735583
2021-07-01 04:00:00,0.254334776753085
2021-07-01 05:00:00,0.2544278899219953
2021-07-01 06:00:00,0.2545305132373985
2021-07-01 07:00:00,0.25421641990853494
2021-07-01 08:00:00,0.25739996245331287
2021-07-01 09:00:00,0.26128955978221163
2021-07-01 10:00:00,0.250659196257236
2021-07-01 11:00:00,0.23599141911522004
2021-07-01 12:00:00,0.23001367065449874
2021-07-01 13:00:00,0.23288417360515126
2021-07-01 14:00:00,0.23140136666079286
2021-07-01 15:00:00,0.2307673641491161
2021-07-01 16:00:00,0.23673803101257362
2021-07-01 17:00:00,0.23662811143094495
2021-07-01 18:00:00,0.2352089586174841
2021-07-01 19:00:00,0.23655712420460165
2021-07-01 20:00:00,0.2368218230713319
2021-07-01 21:00:00,0.23944065464537934
2021-07-01 22:00:00,0.23720316336561392
2021-07-01 23:00:00,0.2358405005885813
2021-07-02 00:00:00,0.23553379028241972
2021-07-02 01:00:00,0.22876207646414737
2021-07-02 02:00:00,0.23116418795770344
2021-07-02 03:00:00,0.22926561035030418
2021-07-02 04:00:00,0.2297972495346057
2021-07-02 05:00:00,0.23058847418044873
2021-07-02 06:00:00,0.23134865461025564
2021-07-02 07:00:00,0.2341759650251157
2021-07-02 08:00:00,0.2385092012089819
2021-07-02 09:00:00,0.23423918621080644
2021-07-02 10:00:00,0.24146629351776452
2021-07-02 11:00:00,0.24713557276713033
2021-07-02 12:00:00,0.24618604774466685
2021-07-02 13:00:00,0.23901625709697416
2021-07-02 14:00:00,0.23898589013211388
2021-07-02 15:00:00,0.2415642648457004
2021-07-02 16:00:00,0.24262743106998505
2021-07-02 17:00:00,0.2448555443612679
2021-07-02 18:00:00,0.24960263561343346
2021-07-02 19:00:00,0.24149178031590926
2021-07-02 20:00:00,0.23925715819598367
2021-07-02 21:00:00,0.2405205888765225
2021-07-02 22:00:00,0.24010392490459467
2021-07-02 23:00:00,0.23701333205227
2021-07-03 00:00:00,0.23279862969573645
2021-07-03 01:00:00,0.23368842822701952
2021-07-03 02:00:00,0.2350941625643475
2021-07-03 03:00:00,0.23235439169520686
2021-07-03 04:00:00,0.23947936157636462
2021-07-03 05:00:00,0.2354730079246628
2021-07-03 06:00:00,0.23597439999661968
2021-07-03 07:00:00,0.2359304607399269
2021-07-03 08:00:00,0.24283883871177936
2021-07-03 09:00:00,0.24145677321150658
2021-07-03 10:00:00,0.23792093938732078
2021-07-03 11:00:00,0.24302536738619573
2021-07-03 12:00:00,0.2363992956358676
2021-07-03 13:00:00,0.23287360926901124
2021-07-03 14:00:00,0.24250966225666232
2021-07-03 15:00:00,0.2422384291353422
2021-07-03 16:00:00,0.30513594174612246
2021-07-03 17:00:00,0.3067788862072925
2021-07-03 18:00:00,0.28149969898453286
2021-07-03 19:00:00,0.24643451359230176
2021-07-03 20:00:00,0.3105007873930176
2021-07-03 21:00:00,0.3154384670012421
2021-07-03 22:00:00,0.31033423496307505
2021-07-03 23:00:00,0.24425770755637827
2021-07-04 00:00:00,0.23381766115792438
2021-07-04 01:00:00,0.23159188410325993
2021-07-04 02:00:00,0.23187199843988207
2021-07-04 03:00:00,0.232640667552276
2021-07-04 04:00:00,0.23211753313258743
2021-07-04 05:00:00,0.23329084315013618
2021-07-04 06:00:00,0.23285101879957062
2021-07-04 07:00:00,0.23469480224806408
2021-07-04 08:00:00,0.2405225574404395
2021-07-04 09:00:00,0.2400001335755719
2021-07-04 10:00:00,0.24712346222338002
2021-07-04 11:00:00,0.23658600225344834
2021-07-04 12:00:00,0.23424937935729814
2021-07-04 13:00:00,0.2346257061845807
2021-07-04 14:00:00,0.23824386847843945
2021-07-04 15:00:00,0.2396701434559923
2021-07-04 16:00:00,0.28247097142735583
2021-07-04 17:00:00,0.30044724717277876
2021-07-04 18:00:00,0.2356077332007286
2021-07-04 19:00:00,0.23766158331530957
2021-07-04 20:00:00,0.235810894633661
2021-07-04 21:00:00,0.23687974636299394
2021-07-04 22:00:00,0.23649942961828854
2021-07-04 23:00:00,0.24106343159749252
2021-07-05 00:00:00,0.2356260710253999
2021-07-05 01:00:00,0.23315014638591275
2021-07-05 02:00:00,0.2344465388353682
2021-07-05 03:00:00,0.23349544697339883
2021-07-05 04:00:00,0.2335615358363679
2021-07-05 05:00:00,0.23341563073750968
2021-07-05 06:00:00,0.23315798743429084
2021-07-05 07:00:00,0.23861827486287365
2021-07-05 08:00:00,0.2439982301274976
2021-07-05 09:00:00,0.2518586272465367
2021-07-05 10:00:00,0.2412417966766467
2021-07-05 11:00:00,0.24298172087357084
2021-07-05 12:00:00,0.2446886041163091
2021-07-05 13:00:00,0.23882583360872212
2021-07-05 14:00:00,0.23834543840693456
2021-07-05 15:00:00,0.24038879624174747
2021-07-05 16:00:00,0.24245233944734088
2021-07-05 17:00:00,0.24545948839064602
2021-07-05 18:00:00,0.23538923551974678
2021-07-05 19:00:00,0.23445378258752397
2021-07-05 20:00:00,0.23355462833640853
2021-07-05 21:00:00,0.23810545091393
2021-07-05 22:00:00,0.23740456042368077
2021-07-05 23:00:00,0.23597691218935926
2021-07-06 00:00:00,0.2313799887630576
2021-07-06 01:00:00,0.23238981185238364
2021-07-06 02:00:00,0.23226307868737966
2021-07-06 03:00:00,0.23368348250363213
2021-07-06 04:00:00,0.23424495014814262
2021-07-06 05:00:00,0.2342942854144563
2021-07-06 06:00:00,0.2350358103576139
2021-07-06 07:00:00,0.2341622081585933
2021-07-06 08:00:00,0.24859351310155312
2021-07-06 09:00:00,0.2481227082374812
2021-07-06 10:00:00,0.2448713723024979
2021-07-06 11:00:00,0.24272530023603298
2021-07-06 12:00:00,0.23895224445730986
2021-07-06 13:00:00,0.24355287552919427
2021-07-06 14:00:00,0.2366676557957174
2021-07-06 15:00:00,0.23775937670775127
2021-07-06 16:00:00,0.23255696397906014
2021-07-06 17:00:00,0.243878869458443
2021-07-06 18:00:00,0.2855371400421103
2021-07-06 19:00:00,0.2844818479501362
2021-07-06 20:00:00,0.23807708484222515
2021-07-06 21:00:00,0.23730517919341534
2021-07-06 22:00:00,0.23541643821261354
2021-07-06 23:00:00,0.2319146803220179
2021-07-07 00:00:00,0.23719538832075043
2021-07-07 01:00:00,0.23404737122178856
2021-07-07 02:00:00,0.238354787452879
2021-07-07 03:00:00,0.23501159040922132
2021-07-07 04:00:00,0.2354173950660098
2021-07-07 05:00:00,0.23829548489082739
2021-07-07 06:00:00,0.2319760767252686
2021-07-07 07:00:00,0.23665276963820256
2021-07-07 08:00:00,0.23498675203100136
2021-07-07 09:00:00,0.23490372612473004
2021-07-07 10:00:00,0.23453833839799632
2021-07-07 11:00:00,0.23361661897643224
2021-07-07 12:00:00,0.23420431611666165
2021-07-07 13:00:00,0.23670680035312852
2021-07-07 14:00:00,0.24016959324126502
2021-07-07 15:00:00,0.24127725162650604
2021-07-07 16:00:00,0.2404675723725684
2021-07-07 17:00:00,0.2407069387663682
2021-07-07 18:00:00,0.23853154958311593
2021-07-07 19:00:00,0.23430710072470762
2021-07-07 20:00:00,0.23477635961850482
2021-07-07 21:00:00,0.23938745606210976
2021-07-07 22:00:00,0.24137183138826893
2021-07-07 23:00:00,0.24020067196820397
2021-07-08 00:00:00,0.23121133150037024
2021-07-08 01:00:00,0.23147546771517355
2021-07-08 02:00:00,0.22852021476787826
2021-07-08 03:00:00,0.22979990538771852
2021-07-08 04:00:00,0.23631354631573795
2021-07-08 05:00:00,0.23392180706133497
2021-07-08 06:00:00,0.23429336921974708
2021-07-08 07:00:00,0.2343098840165108
2021-07-08 08:00:00,0.24227213507870032
2021-07-08 09:00:00,0.23370159029704302
2021-07-08 10:00:00,0.2298038447912469
2021-07-08 11:00:00,0.23050515124361648
2021-07-08 12:00:00,0.22962746290739938
2021-07-08 13:00:00,0.22929654492287205
2021-07-08 14:00:00,0.2327568023636256
2021-07-08 15:00:00,0.2303886955058378
2021-07-08 16:00:00,0.23131861750018992
2021-07-08 17:00:00,0.23640998952549463
2021-07-08 18:00:00,0.23509499078643273
2021-07-08 19:00:00,0.24018692609437023
2021-07-08 20:00:00,0.30718205350502936
2021-07-08 21:00:00,0.24781223547012998
2021-07-08 22:00:00,0.23970941223209064
2021-07-08 23:00:00,0.2370996068842283
2021-07-09 00:00:00,0.23295438109671385
2021-07-09 01:00:00,0.23078840719153884
2021-07-09 02:00:00,0.2295831020571537
2021-07-09 03:00:00,0.2320512415500743
2021-07-09 04:00:00,0.2310985304799024
2021-07-09 05:00:00,0.23408421207398178
2021-07-09 06:00:00,0.2304549958325692
2021-07-09 07:00:00,0.2331964834063253
2021-07-09 08:00:00,0.23194860738307188
2021-07-09 09:00:00,0.23059569264411003
2021-07-09 10:00:00,0.23380927354618847
2021-07-09 11:00:00,0.23657035524407052
2021-07-09 12:00:00,0.2385148886164818
2021-07-09 13:00:00,0.23985978231949626
2021-07-09 14:00:00,0.2396911589743644
2021-07-09 15:00:00,0.236039075094728
2021-07-09 16:00:00,0.2336602737030256
2021-07-09 17:00:00,0.2366716691229114
2021-07-09 18:00:00,0.24454189766453602
2021-07-09 19:00:00,0.24366402522920433
2021-07-09 20:00:00,0.24114784173531678
2021-07-09 21:00:00,0.23905981811587326
2021-07-09 22:00:00,0.23747432817879596
2021-07-09 23:00:00,0.23866988907112435
2021-07-10 00:00:00,0.24130398759007193
2021-07-10 01:00:00,0.24177733907260138
2021-07-10 02:00:00,0.23472514159024405
2021-07-10 03:00:00,0.23583849059693585
2021-07-10 04:00:00,0.23523978750977387
2021-07-10 05:00:00,0.23434184142774656
2021-07-10 06:00:00,0.23243542989667132
2021-07-10 07:00:00,0.23349654110460344
2021-07-10 08:00:00,0.23299803791963375
2021-07-10 09:00:00,0.2332827478303571
2021-07-10 10:00:00,0.2393404786222394
2021-07-10 11:00:00,0.23781805889089222
2021-07-10 12:00:00,0.24534436216483124
2021-07-10 13:00:00,0.23757140307858782
2021-07-10 14:00:00,0.2355801674657498
2021-07-10 15:00:00,0.23814010263272958
2021-07-10 16:00:00,0.24212762710034094
2021-07-10 17:00:00,0.24350920518893934
2021-07-10 18:00:00,0.2417120088333189
2021-07-10 19:00:00,0.24733850088861054
2021-07-10 20:00:00,0.24859336302588994
2021-07-10 21:00:00,0.2413583050806309
2021-07-10 22:00:00,0.2379807303316066
2021-07-10 23:00:00,0.2456297355968941
2021-07-11 00:00:00,0.23901749797141555
2021-07-11 01:00:00,0.2373765671540258
2021-07-11 02:00:00,0.23413950422035593
2021-07-11 03:00:00,0.23593418581254985
2021-07-11 04:00:00,0.23446345270988853
2021-07-11 05:00:00,0.234146843458669
2021-07-11 06:00:00,0.23667495894443924
2021-07-11 07:00:00,0.23766871309938295
2021-07-11 08:00:00,0.23571819285862589
2021-07-11 09:00:00,0.24486304707759884
2021-07-11 10:00:00,0.24301262219679545
2021-07-11 11:00:00,0.249502251601451
2021-07-11 12:00:00,0.3060770069881999
2021-07-11 13:00:00,0.2388489954372524
2021-07-11 14:00:00,0.2352545235738262
2021-07-11 15:00:00,0.23746174191757435
2021-07-11 16:00:00,0.2341777958104028
2021-07-11 17:00:00,0.23691553350667396
2021-07-11 18:00:00,0.23684668893359603
2021-07-11 19:00:00,0.23409144754938782
2021-07-11 20:00:00,0.23328408031296544
2021-07-11 21:00:00,0.23269529953356252
2021-07-11 22:00:00,0.23491447855138842
2021-07-11 23:00:00,0.23265626397622213
2021-07-12 00:00:00,0.22941064298806985
2021-07-12 01:00:00,0.23351184436922345
2021-07-12 02:00:00,0.236281986297068
2021-07-12 03:00:00,0.2360752337883852
2021-07-12 04:00:00,0.23744744451487693
2021-07-12 05:00:00,0.23457147960344327
2021-07-12 06:00:00,0.2371857686585335
2021-07-12 07:00:00,0.23722197702929848
2021-07-12 08:00:00,0.23725935817010557
2021-07-12 09:00:00,0.23501641729580963
2021-07-12 10:00:00,0.23871051276066155
2021-07-12 11:00:00,0.23457416405996914
2021-07-12 12:00:00,0.23396896822190252
2021-07-12 13:00:00,0.23300562953806608
2021-07-12 14:00:00,0.23566742834604545
2021-07-12 15:00:00,0.23682521763707184
2021-07-12 16:00:00,0.23410459392407396
2021-07-12 17:00:00,0.2349822612857211
2021-07-12 18:00:00,0.2335847176041224
2021-07-12 19:00:00,0.2353295963052418
2021-07-12 20:00:00,0.2312835071796735
2021-07-12 21:00:00,0.23017001383154975
2021-07-12 22:00:00,0.23551254249122502
2021-07-12 23:00:00,0.2336288222517915
2021-07-13 00:00:00,0.2337620052581238
2021-07-13 01:00:00,0.23330928895767925
2021-07-13 02:00:00,0.23615580401587125
2021-07-13 03:00:00,0.2348200209382357
2021-07-13 04:00:00,0.23704401035606135
2021-07-13 05:00:00,0.23848342738805228
2021-07-13 06:00:00,0.23364398201709793
2021-07-13 07:00:00,0.23468614801219814
2021-07-13 08:00:00,0.23149028548687212
2021-07-13 09:00:00,0.23316812253596927
2021-07-13 10:00:00,0.23666954285757774
2021-07-13 11:00:00,0.23484212929850212
2021-07-13 12:00:00,0.23601260436531302
2021-07-13 13:00:00,0.23634456671130594
2021-07-13 14:00:00,0.23731420389585683
2021-07-13 15:00:00,0.23949570732797823
2021-07-13 16:00:00,0.2346603425035268
2021-07-13 17:00:00,0.2373434375344753
2021-07-13 18:00:00,0.2406882834141398
2021-07-13 19:00:00,0.2553526000869945
2021-07-13 20:00:00,0.3064598634745024
2021-07-13 21:00:00,0.2400308520557654
2021-07-13 22:00:00,0.235680136780099
2021-07-13 23:00:00,0.2374783459085564
2021-07-14 00:00:00,0.23760119991507944
2021-07-14 01:00:00,0.23732796075949567
2021-07-14 02:00:00,0.23785546825786208
2021-07-14 03:00:00,0.23735149598327812
2021-07-14 04:00:00,0.23683559936161735
2021-07-14 05:00:00,0.23882649355722596
2021-07-14 06:00:00,0.23742472576066892
2021-07-14 07:00:00,0.23359126903515337
2021-07-14 08:00:00,0.23682238009505377
2021-07-14 09:00:00,0.2376883891630335
2021-07-14 10:00:00,0.2407423456560291
2021-07-14 11:00:00,0.2391020594548631
2021-07-14 12:00:00,0.23682984724590622
2021-07-14 13:00:00,0.24030567756916124
2021-07-14 14:00:00,0.23815304814163893
2021-07-14 15:00:00,0.24109368004542395
2021-07-14 16:00:00,0.23854416952966287
2021-07-14 17:00:00,0.24024388360274912
2021-07-14 18:00:00,0.2421187331218101
2021-07-14 19:00:00,0.2352182856317751
2021-07-14 20:00:00,0.23517996866084823
2021-07-14 21:00:00,0.23857330141121888
2021-07-14 22:00:00,0.24017272201554196
2021-07-14 23:00:00,0.23656589936759295
2021-07-15 00:00:00,0.2384993795414743
2021-07-15 01:00:00,0.2369825008553613
2021-07-15 02:00:00,0.23668511116399865
2021-07-15 03:00:00,0.23707597391237614
2021-07-15 04:00:00,0.2362186592277905
2021-07-15 05:00:00,0.23591338499401757
2021-07-15 06:00:00,0.23721267326960618
2021-07-15 07:00:00,0.23559977386120826
2021-07-15 08:00:00,0.23603595654849127
2021-07-15 09:00:00,0.23742409199572395
2021-07-15 10:00:00,0.23895464533416275
2021-07-15 11:00:00,0.23870679084748161
2021-07-15 12:00:00,0.23928260458569356
2021-07-15 13:00:00,0.24000267457964586
2021-07-15 14:00:00,0.24006601343489478
2021-07-15 15:00:00,0.24306546697329243
2021-07-15 16:00:00,0.24353967297370852
2021-07-15 17:00:00,0.3019222241269898
2021-07-15 18:00:00,0.25298689366530863
2021-07-15 19:00:00,0.23888095814406485
2021-07-15 20:00:00,0.2367836261717856
2021-07-15 21:00:00,0.2396659401396252
2021-07-15 22:00:00,0.23423847287798114
2021-07-15 23:00:00,0.2362284722021975
2021-07-16 00:00:00,0.23648536499454573
2021-07-16 01:00:00,0.23505098310328218
2021-07-16 02:00:00,0.2371277345611887
2021-07-16 03:00:00,0.23451000199399888
2021-07-16 04:00:00,0.23558615388571055
2021-07-16 05:00:00,0.23443377809129232
2021-07-16 06:00:00,0.2363088086208066
2021-07-16 07:00:00,0.23490290568213268
2021-07-16 08:00:00,0.235968818797278
2021-07-16 09:00:00,0.23403814469884815
2021-07-16 10:00:00,0.23537191717590702
2021-07-16 11:00:00,0.2375648519243301
2021-07-16 12:00:00,0.23716122444854845
2021-07-16 13:00:00,0.2355736944779482
2021-07-16 14:00:00,0.23527949074011023
2021-07-16 15:00:00,0.23770441755384436
2021-07-16 16:00:00,0.2420922952255312
2021-07-16 17:00:00,0.24052840881867993
2021-07-16 18:00:00,0.30991918274781505
2021-07-16 19:00:00,0.30871672288748525
2021-07-16 20:00:00,0.2830278531652306
2021-07-16 21:00:00,0.23523716145342338
2021-07-16 22:00:00,0.23818693824119377
2021-07-16 23:00:00,0.23626885859554136
2021-07-17 00:00:00,0.23423439554661102
2021-07-17 01:00:00,0.23350517807432558
2021-07-17 02:00:00,0.23726839006946696
2021-07-17 03:00:00,0.23389130948115977
2021-07-17 04:00:00,0.23316791761556924
2021-07-17 05:00:00,0.23593381072102534
2021-07-17 06:00:00,0.23541707473670015
2021-07-17 07:00:00,0.2374711255533011
2021-07-17 08:00:00,0.235614378877265
2021-07-17 09:00:00,0.23592581305219024
2021-07-17 10:00:00,0.2371564296749979
2021-07-17 11:00:00,0.23660970301303003
2021-07-17 12:00:00,0.24092716587351726
2021-07-17 13:00:00,0.2961478946123275
2021-07-17 14:00:00,0.30798545049512455
2021-07-17 15:00:00,0.3091115354253145
2021-07-17 16:00:00,0.305817673060189
2021-07-17 17:00:00,0.23731357188431818
2021-07-17 18:00:00,0.236405233648639
2021-07-17 19:00:00,0.24127810844227732
2021-07-17 20:00:00,0.24353891160796756
2021-07-17 21:00:00,0.2478450555078843
2021-07-17 22:00:00,0.24661105983809217
2021-07-17 23:00:00,0.24829532558840958
2021-07-18 00:00:00,0.24731477717366052
2021-07-18 01:00:00,0.24251796586599045
2021-07-18 02:00:00,0.23442278327461422
2021-07-18 03:00:00,0.23425029820220628
2021-07-18 04:00:00,0.23917268407614273
2021-07-18 05:00:00,0.2320639413312522
2021-07-18 06:00:00,0.23439547373810632
2021-07-18 07:00:00,0.2384429010470503
2021-07-18 08:00:00,0.23544604175052739
2021-07-18 09:00:00,0.2488838408600332
2021-07-18 10:00:00,0.24204977653171697
2021-07-18 11:00:00,0.24449743313383962
2021-07-18 12:00:00,0.2460441760335997
2021-07-18 13:00:00,0.24388748029982538
2021-07-18 14:00:00,0.24461254953456113
2021-07-18 15:00:00,0.2417380042978624
2021-07-18 16:00:00,0.24038600980194202
2021-07-18 17:00:00,0.2388411068546261
2021-07-18 18:00:00,0.24030488089293323
2021-07-18 19:00:00,0.23875919688688618
2021-07-18 20:00:00,0.23533545430616015
2021-07-18 21:00:00,0.23890564195635788
2021-07-18 22:00:00,0.24020762708736906
2021-07-18 23:00:00,0.23176827215062065
2021-07-19 00:00:00,0.23075764908978247
2021-07-19 01:00:00,0.23412787454832557
2021-07-19 02:00:00,0.23306994977936926
2021-07-19 03:00:00,0.23363530882344427
2021-07-19 04:00:00,0.23205223516203818
2021-07-19 05:00:00,0.23850419583582097
2021-07-19 06:00:00,0.2338196617052901
2021-07-19 07:00:00,0.23526222131567767
2021-07-19 08:00:00,0.2332038107811695
2021-07-19 09:00:00,0.24037083957444222
2021-07-19 10:00:00,0.2411695926305563
2021-07-19 11:00:00,0.23925509691332927
2021-07-19 12:00:00,0.23567972452715824
2021-07-19 13:00:00,0.2370956295226269
2021-07-19 14:00:00,0.2405074392728932
2021-07-19 15:00:00,0.23677586683824428
2021-07-19 16:00:00,0.23982824272067618
2021-07-19 17:00:00,0.24047157383713702
2021-07-19 18:00:00,0.2415301138680561
2021-07-19 19:00:00,0.2378796223774506
2021-07-19 20:00:00,0.2372013279553628
2021-07-19 21:00:00,0.24211580428993112
2021-07-19 22:00:00,0.24169741946012316
2021-07-19 23:00:00,0.23942921826549737
2021-07-20 00:00:00,0.23601121131438288
2021-07-20 01:00:00,0.23574098996400047
2021-07-20 02:00:00,0.2328953632833139
2021-07-20 03:00:00,0.23700663279184966
2021-07-20 04:00:00,0.23495194713966036
2021-07-20 05:00:00,0.2357764940914033
2021-07-20 06:00:00,0.23379566191919693
2021-07-20 07:00:00,0.2369096812806806
2021-07-20 08:00:00,0.23918801430712686
2021-07-20 09:00:00,0.24064394658006227
2021-07-20 10:00:00,0.2396914087512312
2021-07-20 11:00:00,0.24057937022626874
2021-07-20 12:00:00,0.23994921879097236
2021-07-20 13:00:00,0.24341010822884546
2021-07-20 14:00:00,0.24172505556511406
2021-07-20 15:00:00,0.2442929592950678
2021-07-20 16:00:00,0.24475144820650077
2021-07-20 17:00:00,0.245015175097835
2021-07-20 18:00:00,0.2450718685780547
2021-07-20 19:00:00,0.3168858709325558
2021-07-20 20:00:00,0.26119855087181215
2021-07-20 21:00:00,0.24364839153014786
2021-07-20 22:00:00,0.23991628047168012
2021-07-20 23:00:00,0.23601522614586923
2021-07-21 00:00:00,0.2376034579021865
2021-07-21 01:00:00,0.23479508529859877
2021-07-21 02:00:00,0.23768781217849472
2021-07-21 03:00:00,0.23345060958162944
2021-07-21 04:00:00,0.23500761410587273
2021-07-21 05:00:00,0.23782384584407426
2021-07-21 06:00:00,0.23581172336110623
2021-07-21 07:00:00,0.23407293156823947
2021-07-21 08:00:00,0.2388831634807972
2021-07-21 09:00:00,0.23992451118538594
2021-07-21 10:00:00,0.24313257452216977
2021-07-21 11:00:00,0.24911106677492725
2021-07-21 12:00:00,0.2376824350721876
2021-07-21 13:00:00,0.24428699120722022
2021-07-21 14:00:00,0.24840877096827862
2021-07-21 15:00:00,0.24345356836430304
2021-07-21 16:00:00,0.24400836616189192
2021-07-21 17:00:00,0.2443730663571247
2021-07-21 18:00:00,0.24708409650683338
2021-07-21 19:00:00,0.24516763995614174
2021-07-21 20:00:00,0.24283372249150953
2021-07-21 21:00:00,0.24452957414678897
2021-07-21 22:00:00,0.23901829046087403
2021-07-21 23:00:00,0.24101639813365747
2021-07-22 00:00:00,0.23418674807947348
2021-07-22 01:00:00,0.2333808936918452
2021-07-22 02:00:00,0.23698202550999675
2021-07-22 03:00:00,0.23648834468154004
2021-07-22 04:00:00,0.23429929610969885
2021-07-22 05:00:00,0.23755746304134173
2021-07-22 06:00:00,0.2352589813304979
2021-07-22 07:00:00,0.2357323192278759
2021-07-22 08:00:00,0.2381864722284119
2021-07-22 09:00:00,0.2598592723995156
2021-07-22 10:00:00,0.3004517953744569
2021-07-22 11:00:00,0.32555095759746494
2021-07-22 12:00:00,0.29651403887439803
2021-07-22 13:00:00,0.24489775250057683
2021-07-22 14:00:00,0.24576301081953728
2021-07-22 15:00:00,0.2504750947401545
2021-07-22 16:00:00,0.2527799091957078
2021-07-22 17:00:00,0.24866193687925478
2021-07-22 18:00:00,0.2553648937338364
2021-07-22 19:00:00,0.251063607670717
2021-07-22 20:00:00,0.24375571279223687
2021-07-22 21:00:00,0.23919940070475257
2021-07-22 22:00:00,0.23733361122247232
2021-07-22 23:00:00,0.23842566159525436
2021-07-23 00:00:00,0.24139563429080002
2021-07-23 01:00:00,0.23482031642660886
2021-07-23 02:00:00,0.2339193597442341
2021-07-23 03:00:00,0.23430386033452177
2021-07-23 04:00:00,0.2374129884906169
2021-07-23 05:00:00,0.2355539941821262
2021-07-23 06:00:00,0.2377069530231004
2021-07-23 07:00:00,0.23808419903515937
2021-07-23 08:00:00,0.23680581379650809
2021-07-23 09:00:00,0.2439652751645113
2021-07-23 10:00:00,0.2886246299252601
2021-07-23 11:00:00,0.2634879371513091
2021-07-23 12:00:00,0.25296279752095086
2021-07-23 13:00:00,0.2513281854690809
2021-07-23 14:00:00,0.23922157969166097
2021-07-23 15:00:00,0.23917439616884673
2021-07-23 16:00:00,0.24881424721259812
2021-07-23 17:00:00,0.24607176922928092
2021-07-23 18:00:00,0.2404846286956942
2021-07-23 19:00:00,0.23896402416188078
2021-07-23 20:00:00,0.24150954372832917
2021-07-23 21:00:00,0.24355889723572252
2021-07-23 22:00:00,0.2421277713630844
2021-07-23 23:00:00,0.24498347720140057
2021-07-24 00:00:00,0.23864747754025675
2021-07-24 01:00:00,0.23599621559598952
2021-07-24 02:00:00,0.2338207781674667
2021-07-24 03:00:00,0.23443348273326467
2021-07-24 04:00:00,0.23493834513931766
2021-07-24 05:00:00,0.23449812280426807
2021-07-24 06:00:00,0.23773886716537096
2021-07-24 07:00:00,0.23416622186462505
2021-07-24 08:00:00,0.23322868842204114
2021-07-24 09:00:00,0.23956840812751629
2021-07-24 10:00:00,0.24099367486224238
2021-07-24 11:00:00,0.24022153104655677
2021-07-24 12:00:00,0.2468849304071455
2021-07-24 13:00:00,0.2372212034369536
2021-07-24 14:00:00,0.23922570935511775
2021-07-24 15:00:00,0.23704716173702803
2021-07-24 16:00:00,0.2365727396630282
2021-07-24 17:00:00,0.2379022113723199
2021-07-24 18:00:00,0.24158907133281782
2021-07-24 19:00:00,0.23810695087282144
2021-07-24 20:00:00,0.2332425824472111
2021-07-24 21:00:00,0.23328055696824238
2021-07-24 22:00:00,0.23000911057363535
2021-07-24 23:00:00,0.22805997073835968
2021-07-25 00:00:00,0.23321400816369886
2021-07-25 01:00:00,0.23652605363978652
2021-07-25 02:00:00,0.23547795352268688
2021-07-25 03:00:00,0.23427531547257407
2021-07-25 04:00:00,0.23382335607739554
2021-07-25 05:00:00,0.23429300160585975
2021-07-25 06:00:00,0.23754810818101132
2021-07-25 07:00:00,0.23668141254780195
2021-07-25 08:00:00,0.2378748902638527
2021-07-25 09:00:00,0.23209801389089424
2021-07-25 10:00:00,0.285955891455109
2021-07-25 11:00:00,0.28228000715931273
2021-07-25 12:00:00,0.24174106479025098
2021-07-25 13:00:00,0.24215072971439205
2021-07-25 14:00:00,0.23911162102858033
2021-07-25 15:00:00,0.2558748264250864
2021-07-25 16:00:00,0.3138348092604648
2021-07-25 17:00:00,0.29863039703320604
2021-07-25 18:00:00,0.25057312404984905
2021-07-25 19:00:00,0.23797546126966088
2021-07-25 20:00:00,0.23801345330997406
2021-07-25 21:00:00,0.23982509752355136
2021-07-25 22:00:00,0.23336276660081653
2021-07-25 23:00:00,0.23872318604161774
2021-07-26 00:00:00,0.23523840701606075
2021-07-26 01:00:00,0.23404759635955819
2021-07-26 02:00:00,0.23588475917585383
2021-07-26 03:00:00,0.2346646923096456
2021-07-26 04:00:00,0.2365831056579876
2021-07-26 05:00:00,0.2356280065880978
2021-07-26 06:00:00,0.23431790944116573
2021-07-26 07:00:00,0.2363467850058078
2021-07-26 08:00:00,0.23695356004303386
2021-07-26 09:00:00,0.23902680780329794
2021-07-26 10:00:00,0.23759771908763436
2021-07-26 11:00:00,0.23550704850082937
2021-07-26 12:00:00,0.23811969298906532
2021-07-26 13:00:00,0.23153394447738287
2021-07-26 14:00:00,0.23609736299150444
2021-07-26 15:00:00,0.24022976608674756
2021-07-26 16:00:00,0.2415450702902038
2021-07-26 17:00:00,0.23948320579800564
2021-07-26 18:00:00,0.23388306520046478
2021-07-26 19:00:00,0.26313574492127023
2021-07-26 20:00:00,0.23523139175734176
2021-07-26 21:00:00,0.23621063688729266
2021-07-26 22:00:00,0.23420082718900345
2021-07-26 23:00:00,0.2341203128906139
2021-07-27 00:00:00,0.23949264535892567
2021-07-27 01:00:00,0.24088674936321805
2021-07-27 02:00:00,0.23609377693684713
2021-07-27 03:00:00,0.23587950396541027
2021-07-27 04:00:00,0.23581601936888447
2021-07-27 05:00:00,0.235740030354677
2021-07-27 06:00:00,0.2371111484548314
2021-07-27 07:00:00,0.2373428473737786
2021-07-27 08:00:00,0.24006901426966615
2021-07-27 09:00:00,0.23613691370911838
2021-07-27 10:00:00,0.23619062963676354
2021-07-27 11:00:00,0.2383961715540589
2021-07-27 12:00:00,0.24456447933276237
2021-07-27 13:00:00,0.23963659139672336
2021-07-27 14:00:00,0.23646738886829133
2021-07-27 15:00:00,0.24247443564757462
2021-07-27 16:00:00,0.24364472592087025
2021-07-27 17:00:00,0.24520784019319264
2021-07-27 18:00:00,0.24393090461252742
2021-07-27 19:00:00,0.24404824116060625
2021-07-27 20:00:00,0.2394572129643436
2021-07-27 21:00:00,0.23553951664479136
2021-07-27 22:00:00,0.23224379002334983
2021-07-27 23:00:00,0.2319006686046162
2021-07-28 00:00:00,0.23146742742883308
2021-07-28 01:00:00,0.23587045495745773
2021-07-28 02:00:00,0.23686912627608328
2021-07-28 03:00:00,0.23652661491215046
2021-07-28 04:00:00,0.2395634078503562
2021-07-28 05:00:00,0.23486358149544728
2021-07-28 06:00:00,0.23630995326489074
2021-07-28 07:00:00,0.2360772594820383
2021-07-28 08:00:00,0.23613370672957923
2021-07-28 09:00:00,0.23999126335272594
2021-07-28 10:00:00,0.23627778081355263
2021-07-28 11:00:00,0.23632769652114521
2021-07-28 12:00:00,0.23470417105978403
2021-07-28 13:00:00,0.23445731241531434
2021-07-28 14:00:00,0.23137799989805402
2021-07-28 15:00:00,0.23439689729424062
2021-07-28 16:00:00,0.23452520064389265
2021-07-28 17:00:00,0.2349299359078483
2021-07-28 18:00:00,0.23154122201282573
2021-07-28 19:00:00,0.24308707941296614
2021-07-28 20:00:00,0.2385269084763479
2021-07-28 21:00:00,0.2408010420623797
2021-07-28 22:00:00,0.23718101976756117
2021-07-28 23:00:00,0.2436656192027078
2021-07-29 00:00:00,0.24278687060755305
2021-07-29 01:00:00,0.23753098555111704
2021-07-29 02:00:00,0.23625496695186404
2021-07-29 03:00:00,0.23454217268500516
2021-07-29 04:00:00,0.23624506009906057
2021-07-29 05:00:00,0.23729629200531457
2021-07-29 06:00:00,0.2338999620954771
2021-07-29 07:00:00,0.23475952589662646
2021-07-29 08:00:00,0.23322059656985653
2021-07-29 09:00:00,0.2351512333659234
2021-07-29 10:00:00,0.23476018259114229
2021-07-29 11:00:00,0.2400492283271745
2021-07-29 12:00:00,0.2379206061459869
2021-07-29 13:00:00,0.2381124018587853
2021-07-29 14:00:00,0.24173225720900357
2021-07-29 15:00:00,0.24276233483874615
2021-07-29 16:00:00,0.2391176216784176
2021-07-29 17:00:00,0.24072780711875236
2021-07-29 18:00:00,0.22982736482135846
2021-07-29 19:00:00,0.22824526233875994
2021-07-29 20:00:00,0.232119894630279
2021-07-29 21:00:00,0.23289884574217495
2021-07-29 22:00:00,0.2900276352139776
2021-07-29 23:00:00,0.3024875888241455
2021-07-30 00:00:00,0.3052014296622243
2021-07-30 01:00:00,0.2992122853337906
2021-07-30 02:00:00,0.23720286193716078
2021-07-30 03:00:00,0.23655736936652838
2021-07-30 04:00:00,0.23542833917220418
2021-07-30 05:00:00,0.23574309355685993
2021-07-30 06:00:00,0.2369998916617771
2021-07-30 07:00:00,0.23328329850262705
2021-07-30 08:00:00,0.2340347768554104
2021-07-30 09:00:00,0.2378149800603843
2021-07-30 10:00:00,0.23420327865882556
2021-07-30 11:00:00,0.23771609494609786
2021-07-30 12:00:00,0.2411540292582589
2021-07-30 13:00:00,0.24410600875425525
2021-07-30 14:00:00,0.24654399838697652
2021-07-30 15:00:00,0.24324262658985377
2021-07-30 16:00:00,0.24098316253135016
2021-07-30 17:00:00,0.23677927845286195
2021-07-30 18:00:00,0.2372804463030501
2021-07-30 19:00:00,0.24111140785076782
2021-07-30 20:00:00,0.2410355634703183
2021-07-30 21:00:00,0.2370325081904826
2021-07-30 22:00:00,0.2355369858831364
2021-07-30 23:00:00,0.2357340924011074
2021-07-31 00:00:00,0.24173424570459592
2021-07-31 01:00:00,0.23212848616538992
2021-07-31 02:00:00,0.2377121930686527
2021-07-31 03:00:00,0.23603725957726596
2021-07-31 04:00:00,0.2348091347903145
2021-07-31 05:00:00,0.23526489369313772
2021-07-31 06:00:00,0.23519763159736917
2021-07-31 07:00:00,0.23207642071774723
2021-07-31 08:00:00,0.23524846294287924
2021-07-31 09:00:00,0.23394563953636324
2021-07-31 10:00:00,0.23496647628768663
2021-07-31 11:00:00,0.23298129170450788
2021-07-31 12:00:00,0.2356302596754777
2021-07-31 13:00:00,0.23965194651272345
2021-07-31 14:00:00,0.24366016843276883
2021-07-31 15:00:00,0.2373506549008857
2021-07-31 16:00:00,0.23930228000163956
2021-07-31 17:00:00,0.27283112274433147
2021-07-31 18:00:00,0.27850044053014655
2021-07-31 19:00:00,0.3059323241629296
2021-07-31 20:00:00,0.24259315886136196
2021-07-31 21:00:00,0.24061766451409738
2021-07-31 22:00:00,0.23639863818791995
2021-07-31 23:00:00,0.23399543013829496
2021-12-01 00:00:00,0.5187982118943062
2021-12-01 01:00:00,0.39178567468230086
2021-12-01 02:00:00,0.3610473705038393
2021-12-01 03:00:00,0.3860372890492774
2021-12-01 04:00:00,0.34335431373229985
2021-12-01 05:00:00,0.35062248471314333
2021-12-01 06:00:00,0.3071893071977428
2021-12-01 07:00:00,0.4109770346390762
2021-12-01 08:00:00,0.3501059150550442
2021-12-01 09:00:00,0.5115088718303542
2021-12-01 10:00:00,0.5203975268229181
2021-12-01 12:00:00,0.47328513028365077
2021-12-01 13:00:00,0.5598686208789488
2021-12-01 15:00:00,0.5114031581248453
2021-12-01 16:00:00,0.5764253255514472
2021-12-01 17:00:00,0.43007786497626027
2021-12-01 18:00:00,0.6009868558603707
2021-12-01 19:00:00,0.5107101428939771
2021-12-01 20:00:00,0.525297654674877
2021-12-01 21:00:00,0.45146147968706046
2021-12-01 22:00:00,0.49918437794308634
2021-12-01 23:00:00,0.43525458559437036
2021-12-02 00:00:00,0.6709970787575503
2021-12-02 01:00:00,0.7244138682954118
2021-12-02 02:00:00,0.6341839065393201
2021-12-02 03:00:00,0.7566506390332732
2021-12-02 04:00:00,0.597863699321985
2021-12-02 05:00:00,0.5511231175531938
2021-12-02 06:00:00,0.5545257773360025
2021-12-02 07:00:00,0.5604310641174958
2021-12-02 08:00:00,0.46385367027711066
2021-12-02 09:00:00,0.4636524128988856
2021-12-02 10:00:00,0.5001035220346624
2021-12-02 11:00:00,0.4556185024861432
2021-12-02 12:00:00,0.665452274130746
2021-12-02 13:00:00,0.5183784154268934
2021-12-02 14:00:00,0.6871315223054475
2021-12-02 15:00:00,0.5340675233796374
2021-12-02 16:00:00,0.4242665594255646
2021-12-02 17:00:00,0.41719096974873926
2021-12-02 18:00:00,0.4870767591029015
2021-12-02 19:00:00,0.5268679432125105
2021-12-02 20:00:00,0.40618047800390344
2021-12-02 21:00:00,0.5221062701873689
2021-12-02 22:00:00,0.45457001695802246
2021-12-02 23:00:00,0.45722316633126125
2021-12-03 00:00:00,0.3657825008201922
2021-12-03 01:00:00,0.37204454816595967
2021-12-03 02:00:00,0.4231213902321297
2021-12-03 03:00:00,0.38942076637761514
2021-12-03 04:00:00,0.41000531763255466
2021-12-03 05:00:00,0.4664320239426115
2021-12-03 06:00:00,0.4120453120455755
2021-12-03 07:00:00,0.5025609957250001
2021-12-03 08:00:00,0.4322570884117436
2021-12-03 09:00:00,0.5312998054695643
2021-12-03 10:00:00,0.4975772493429591
2021-12-03 11:00:00,0.47051194008184055
2021-12-03 12:00:00,0.4375629127191696
2021-12-03 13:00:00,0.42586559722479506
2021-12-03 14:00:00,0.4310807374326583
2021-12-03 15:00:00,0.3612010750857479
2021-12-03 16:00:00,0.5142861143826343
2021-12-03 17:00:00,0.44362367267199343
2021-12-03 18:00:00,0.37539423342040484
2021-12-03 19:00:00,0.5005177781867143
2021-12-03 20:00:00,0.389303203075311
2021-12-03 21:00:00,0.4348139457474286
2021-12-03 22:00:00,0.4885519830515349
2021-12-03 23:00:00,0.46414896814123113
2021-12-04 00:00:00,0.7472634339000396
2021-12-04 01:00:00,0.834036628982343
2021-12-04 02:00:00,0.7945828422131908
2021-12-04 03:00:00,0.5873693382982462
2021-12-04 05:00:00,0.46759900961322187
2021-12-04 06:00:00,0.5086893233794586
2021-12-04 07:00:00,0.4884706731360797
2021-12-04 08:00:00,0.4986615710398355
2021-12-04 09:00:00,0.5287308245910615
2021-12-04 10:00:00,0.608425990367605
2021-12-04 11:00:00,0.8208936493385397
2021-12-04 12:00:00,0.7711817844508413
2021-12-04 13:00:00,0.603809627410816
2021-12-04 14:00:00,0.6329709302334232
2021-12-04 15:00:00,0.7150286083611672
2021-12-04 16:00:00,0.5953353219116355
2021-12-04 17:00:00,0.44046390204167485
2021-12-04 18:00:00,0.46688963535632166
2021-12-04 19:00:00,0.35314120214879247
2021-12-04 20:00:00,0.34268833171505925
2021-12-04 21:00:00,0.32331191942431603
2021-12-04 22:00:00,0.3677117626077294
2021-12-04 23:00:00,0.3626494829483444
2021-12-05 00:00:00,0.3602646424106175
2021-12-05 01:00:00,0.3689357284649872
2021-12-05 02:00:00,0.5216691991453226
2021-12-05 03:00:00,0.7855597049910268
2021-12-05 04:00:00,0.4511186252184559
2021-12-05 05:00:00,0.4907711412544542
2021-12-05 06:00:00,0.5433918786603024
2021-12-05 07:00:00,0.40328877110215566
2021-12-05 08:00:00,0.5417304549472387
2021-12-05 09:00:00,0.42695673002530427
2021-12-05 10:00:00,0.5741256184049625
2021-12-05 11:00:00,0.4119452600015071
2021-12-05 12:00:00,0.5170669560663032
2021-12-05 13:00:00,0.4687177971105729
2021-12-05 14:00:00,0.39155642105192234
2021-12-05 15:00:00,0.5441019108971402
2021-12-05 16:00:00,0.525727118073276
2021-12-05 17:00:00,0.5440947470246161
2021-12-05 18:00:00,0.46317497876066926
2021-12-05 19:00:00,0.4872454994263715
2021-12-05 20:00:00,0.5326826685362084
2021-12-05 21:00:00,0.42744748104114444
2021-12-05 22:00:00,0.5250619037159863
2021-12-05 23:00:00,0.4283462764799089
2021-12-06 00:00:00,0.6118234466993436
2021-12-06 01:00:00,0.3693540675719135
2021-12-06 03:00:00,0.42487881861547255
2021-12-06 04:00:00,0.4204305538242278
2021-12-06 05:00:00,0.43978699720667647
2021-12-06 06:00:00,0.472749614092963
2021-12-06 07:00:00,0.5693306838193365
2021-12-06 08:00:00,0.5853164394358247
2021-12-06 09:00:00,0.6124862738779054
2021-12-06 10:00:00,0.4558232538933131
2021-12-06 11:00:00,0.46330728449165204
2021-12-06 12:00:00,0.4996470215453168
2021-12-06 13:00:00,0.7105638960492083
2021-12-06 14:00:00,0.5929780792561212
2021-12-06 15:00:00,0.4655516425770806
2021-12-06 16:00:00,0.46484953530587436
2021-12-06 17:00:00,0.5241418353783208
2021-12-06 18:00:00,0.42970687584154377
2021-12-06 19:00:00,0.45041227246328613
2021-12-06 20:00:00,0.4921409451260531
2021-12-06 21:00:00,0.5355355319122851
2021-12-06 22:00:00,0.4146349930901203
2021-12-06 23:00:00,0.37795161728219173
2021-12-07 00:00:00,0.6121395271361233
2021-12-07 01:00:00,0.5216117128148877
2021-12-07 02:00:00,0.4361857558167683
2021-12-07 04:00:00,0.45558148831841244
2021-12-07 05:00:00,0.5444815804263848
2021-12-07 06:00:00,0.39926126995683575
2021-12-07 07:00:00,0.5006203954178436
2021-12-07 08:00:00,0.3905845187920804
2021-12-07 09:00:00,0.3600384077426472
2021-12-07 10:00:00,0.3478275848016684
2021-12-07 11:00:00,0.5237667104904019
2021-12-07 12:00:00,0.5928387311330064
2021-12-07 13:00:00,0.5155987952551669
2021-12-07 14:00:00,0.4194878944848951
2021-12-07 15:00:00,0.4649539067669115
2021-12-07 16:00:00,0.4326602544786159
2021-12-07 17:00:00,0.5366838397519126
2021-12-07 18:00:00,0.5959593503027784
2021-12-07 19:00:00,0.5807839630442639
2021-12-07 20:00:00,0.49236178492284227
2021-12-07 21:00:00,0.43578812268583134
2021-12-07 22:00:00,0.4479719644177901
2021-12-07 23:00:00,0.44822146158674453
2021-12-08 00:00:00,0.622032376570559
2021-12-08 01:00:00,0.5155793095222592
2021-12-08 02:00:00,0.5517525011633676
2021-12-08 03:00:00,0.5721148991452909
2021-12-08 04:00:00,0.49835172090913343
2021-12-08 06:00:00,0.5607327896342084
2021-12-08 07:00:00,0.5450515937140692
2021-12-08 08:00:00,0.5163118827791789
2021-12-08 09:00:00,0.5304346133714488
2021-12-08 10:00:00,0.49144630969006686
2021-12-08 11:00:00,0.6769387998397871
2021-12-08 12:00:00,0.49900791005503553
2021-12-08 13:00:00,0.4679676758405079
2021-12-08 14:00:00,0.36998082040908303
2021-12-08 15:00:00,0.46848150281388956
2021-12-08 16:00:00,0.5438157338620642
2021-12-08 17:00:00,0.5081040760659341
2021-12-08 18:00:00,0.5115607059596785
2021-12-08 19:00:00,0.49800152381237617
2021-12-08 20:00:00,0.4089270582203913
2021-12-08 22:00:00,0.6134327725149534
2021-12-09 00:00:00,0.48126409165273826
2021-12-09 01:00:00,0.44223215663670834
2021-12-09 02:00:00,0.5359698781861372
2021-12-09 03:00:00,0.4379780222764049
2021-12-09 04:00:00,0.371354124637069
2021-12-09 05:00:00,0.47861532975311744
2021-12-09 06:00:00,0.399576243142498
2021-12-09 07:00:00,0.47639745957552454
2021-12-09 08:00:00,0.5403867503165458
2021-12-09 09:00:00,0.5219909357694036
2021-12-09 10:00:00,0.6517019762277687
2021-12-09 11:00:00,0.6839693098010567
2021-12-09 12:00:00,0.6741654013919586
2021-12-09 13:00:00,0.5837152207578826
2021-12-09 14:00:00,0.6126536477802269
2021-12-09 16:00:00,0.4673076834909533
2021-12-09 17:00:00,0.39433887196622514
2021-12-09 18:00:00,0.41703984343496875
2021-12-09 19:00:00,0.41737661690545946
2021-12-09 20:00:00,0.33764248514266937
2021-12-09 21:00:00,0.4124429532782513
2021-12-09 22:00:00,0.3156660133823475
2021-12-09 23:00:00,0.40811855575574907
2021-12-10 00:00:00,0.5894258520891054
2021-12-10 01:00:00,0.591863889391885
2021-12-10 02:00:00,0.650128818382395
2021-12-10 03:00:00,0.5803938001095235
2021-12-10 04:00:00,0.5353814737669247
2021-12-10 05:00:00,0.4859096171921504
2021-12-10 06:00:00,0.5307365944753254
2021-12-10 07:00:00,0.45757485874962844
2021-12-10 08:00:00,0.5197717884634588
2021-12-10 09:00:00,0.8092625255116996
2021-12-10 10:00:00,0.6313614216100922
2021-12-10 11:00:00,0.8324866563555252
2021-12-10 12:00:00,0.6673480242162396
2021-12-10 13:00:00,0.553666889980425
2021-12-10 14:00:00,0.6417650923968355
2021-12-10 15:00:00,0.4615385249971037
2021-12-10 16:00:00,0.555197757395712
2021-12-10 17:00:00,0.35739206564700576
2021-12-10 18:00:00,0.43601186862801716
2021-12-10 19:00:00,0.37193577166444103
2021-12-10 20:00:00,0.3396933868917976
2021-12-10 21:00:00,0.33738409979986783
2021-12-10 22:00:00,0.31026280655164906
2021-12-10 23:00:00,0.5371964009752079
2021-12-11 00:00:00,0.33867424445698685
2021-12-11 01:00:00,0.40270097787439646
2021-12-11 02:00:00,0.4444880469074365
2021-12-11 03:00:00,0.4822436489162604
2021-12-11 05:00:00,0.5036999632222453
2021-12-11 06:00:00,0.548737060106915
2021-12-11 07:00:00,0.5123177705467027
2021-12-11 08:00:00,0.44157426110843623
2021-12-11 09:00:00,0.4548480666679689
2021-12-11 10:00:00,0.5702162170253227
2021-12-11 11:00:00,0.7082809630422521
2021-12-11 12:00:00,0.656325495662797
2021-12-11 13:00:00,0.6278483398889146
2021-12-11 14:00:00,0.5604992294845608
2021-12-11 16:00:00,0.40076504838847143
2021-12-11 17:00:00,0.42807766552372556
2021-12-11 18:00:00,0.4025924706347792
2021-12-11 19:00:00,0.42416028345136153
2021-12-11 20:00:00,0.38383026614094745
2021-12-11 21:00:00,0.2844760622474345
2021-12-11 22:00:00,0.4004325880560079
2021-12-11 23:00:00,0.4628400192876553
2021-12-12 00:00:00,0.48805831205710526
2021-12-12 01:00:00,0.4333159255646032
2021-12-12 02:00:00,0.6444980528098625
2021-12-12 03:00:00,0.6220584593689368
2021-12-12 04:00:00,0.49099736721816334
2021-12-12 05:00:00,0.5734977705328288
2021-12-12 06:00:00,0.41448967011191296
2021-12-12 07:00:00,0.5246323394585322
2021-12-12 08:00:00,0.5109201704730821
2021-12-12 09:00:00,0.5004261484009235
2021-12-12 10:00:00,0.5715798586457239
2021-12-12 11:00:00,0.8902469213236736
2021-12-12 12:00:00,1.0113915431336098
2021-12-12 13:00:00,0.6791704455544081
2021-12-12 14:00:00,0.7669246716616653
2021-12-12 15:00:00,0.6155883572347421
2021-12-12 16:00:00,0.6451106433462896
2021-12-12 17:00:00,0.443387822895986
2021-12-12 18:00:00,0.5691747174532436
2021-12-12 19:00:00,0.29152088226343625
2021-12-12 20:00:00,0.40406654010405607
2021-12-12 21:00:00,0.4086739537385757
2021-12-12 22:00:00,0.6358803246274726
2021-12-12 23:00:00,0.5095442367022492
2021-12-13 00:00:00,0.5183234840362804
2021-12-13 01:00:00,0.41038909746234586
2021-12-13 02:00:00,0.5675186545155605
2021-12-13 03:00:00,0.5538947611131431
2021-12-13 04:00:00,0.4901680692238869
2021-12-13 05:00:00,0.5672139959257215
2021-12-13 06:00:00,0.4435781081746513
2021-12-13 07:00:00,0.6440139191833651
2021-12-13 08:00:00,0.5137777542471618
2021-12-13 09:00:00,0.5386899105518766
2021-12-13 10:00:00,0.5835247128699411
2021-12-13 11:00:00,0.7576059926016614
2021-12-13 12:00:00,0.8933037202700738
2021-12-13 13:00:00,0.8372490290031643
2021-12-13 14:00:00,0.6468996893327094
2021-12-13 15:00:00,0.4442939020984138
2021-12-13 16:00:00,0.479189351722827
2021-12-13 17:00:00,0.33900891762639995
2021-12-13 18:00:00,0.3749394180297789
2021-12-13 19:00:00,0.5405270980702832
2021-12-13 20:00:00,0.5308824495955207
2021-12-13 21:00:00,0.5773871964540506
2021-12-13 22:00:00,0.4914661142660986
2021-12-13 23:00:00,0.4041622122950933
2021-12-14 00:00:00,0.7899756173088573
2021-12-14 01:00:00,0.5702397455372785
2021-12-14 02:00:00,0.5551149643486695
2021-12-14 03:00:00,0.478197839376267
2021-12-14 05:00:00,0.42877924946489343
2021-12-14 06:00:00,0.4767316136570824
2021-12-14 07:00:00,0.5955970341559034
2021-12-14 08:00:00,0.38253957680196615
2021-12-14 09:00:00,0.4665368615875502
2021-12-14 10:00:00,0.5010596590591652
2021-12-14 11:00:00,0.49313043975977944
2021-12-14 12:00:00,0.4818168598384308
2021-12-14 13:00:00,0.4402638847578034
2021-12-14 14:00:00,0.4687267934197245
2021-12-14 15:00:00,0.5089567555582208
2021-12-14 16:00:00,0.41262408238002024
2021-12-14 17:00:00,0.42583953658150686
2021-12-14 20:00:00,0.47125053032202013
2021-12-14 21:00:00,0.5698655573143709
2021-12-14 22:00:00,0.6078154492675595
2021-12-14 23:00:00,0.4869094138568156
2021-12-15 00:00:00,0.6018743350571184
2021-12-15 02:00:00,0.7418811289464332
2021-12-15 03:00:00,0.46689458303052683
2021-12-15 04:00:00,0.41280377393204215
2021-12-15 06:00:00,0.40919821119611116
2021-12-15 07:00:00,0.565205293677518
2021-12-15 08:00:00,0.45889133528057857
2021-12-15 09:00:00,0.6121885150744846
2021-12-15 10:00:00,0.46130839703213866
2021-12-15 11:00:00,0.4847408920459558
2021-12-15 12:00:00,0.59892200287749
2021-12-15 13:00:00,0.6512794898822266
2021-12-15 14:00:00,0.6409569270209713
2021-12-15 15:00:00,0.41518820359113023
2021-12-15 16:00:00,0.46244053800866713
2021-12-15 17:00:00,0.3966182366033083
2021-12-15 18:00:00,0.4488187638188324
2021-12-15 20:00:00,0.6999794649061063
2021-12-15 21:00:00,0.8231009138208311
2021-12-15 22:00:00,0.5086933259496472
2021-12-16 00:00:00,0.5227655600688179
2021-12-16 01:00:00,0.59409156956175
2021-12-16 02:00:00,0.6482965768014728
2021-12-16 04:00:00,0.6490592324277029
2021-12-16 05:00:00,0.4956289391961074
2021-12-16 06:00:00,0.6380890832685955
2021-12-16 07:00:00,0.5692078682248873
2021-12-16 08:00:00,0.4579222743693497
2021-12-16 09:00:00,0.5251701365253962
2021-12-16 10:00:00,0.44663948775408413
2021-12-16 11:00:00,0.5968245869352721
2021-12-16 12:00:00,0.5723669126788076
2021-12-16 13:00:00,0.5059440670866933
2021-12-16 14:00:00,0.4258796765731139
2021-12-16 15:00:00,0.626923534615475
2021-12-16 16:00:00,0.5450849992287448
2021-12-16 17:00:00,0.44628534959613964
2021-12-16 18:00:00,0.4781068893984388
2021-12-16 19:00:00,0.4803028800382201
2021-12-16 20:00:00,0.5233351083119205
2021-12-16 21:00:00,0.4978584899880111
2021-12-16 22:00:00,0.5187158911336799
2021-12-16 23:00:00,0.465359722116768
2021-12-17 00:00:00,0.870592327319567
2021-12-17 02:00:00,0.4589218119502924
2021-12-17 03:00:00,0.44031125300554563
2021-12-17 04:00:00,0.4099935330188906
2021-12-17 05:00:00,0.603351227706212
2021-12-17 06:00:00,0.5621646618352089
2021-12-17 07:00:00,0.5485823353688106
2021-12-17 08:00:00,0.6344559919278202
2021-12-17 09:00:00,0.3879561463814968
2021-12-17 10:00:00,0.5698830175656276
2021-12-17 11:00:00,0.40410985187272147
2021-12-17 12:00:00,0.46046321296951664
2021-12-17 13:00:00,0.597579068786436
2021-12-17 14:00:00,0.6116117470372084
2021-12-17 15:00:00,0.6589749675909141
2021-12-17 16:00:00,0.5024668495990507
2021-12-17 17:00:00,0.48247794833641916
2021-12-17 18:00:00,0.5343412917779516
2021-12-17 19:00:00,0.5498851135802545
2021-12-17 20:00:00,0.4124076103245768
2021-12-17 21:00:00,0.397202083721843
2021-12-17 22:00:00,0.3765508634930035
2021-12-17 23:00:00,0.43650744675785597
2021-12-18 00:00:00,0.6719981955498242
2021-12-18 01:00:00,0.7325003714893092
2021-12-18 02:00:00,0.7612438130308427
2021-12-18 04:00:00,0.48970328834772237
2021-12-18 05:00:00,0.46239274545714104
2021-12-18 07:00:00,0.5281909450452008
2021-12-18 08:00:00,0.5325500288165085
2021-12-18 09:00:00,0.5185471860787666
2021-12-18 10:00:00,0.7584533130005281
2021-12-18 11:00:00,0.5925784345800863
2021-12-18 12:00:00,0.6944879011139249
2021-12-18 13:00:00,0.6151771848316546
2021-12-18 14:00:00,0.5342823535804019
2021-12-18 15:00:00,0.5176889054967386
2021-12-18 16:00:00,0.5191180107053066
2021-12-18 17:00:00,0.5682225090550447
2021-12-18 18:00:00,0.4806044217836678
2021-12-18 19:00:00,0.6471911069396497
2021-12-18 20:00:00,0.4825964716869052
2021-12-18 22:00:00,0.48256122788641764
2021-12-18 23:00:00,0.3448195631950167
2021-12-19 00:00:00,0.48807132254266333
2021-12-19 02:00:00,0.46897190500911407
2021-12-19 03:00:00,0.4389489863287152
2021-12-19 04:00:00,0.3558753710085306
2021-12-19 05:00:00,0.48030248044679225
2021-12-19 06:00:00,0.4910729802053304
2021-12-19 07:00:00,0.4978159239306053
2021-12-19 08:00:00,0.6086926477526675
2021-12-19 09:00:00,0.503389343250132
2021-12-19 10:00:00,0.7492084429089223
2021-12-19 11:00:00,0.7525748544670665
2021-12-19 12:00:00,0.8860573564318913
2021-12-19 13:00:00,0.9716353764699753
2021-12-19 14:00:00,0.5904101474766353
2021-12-19 15:00:00,0.7994102605436882
2021-12-19 16:00:00,0.39886296496024626
2021-12-19 17:00:00,0.40086880091620863
2021-12-19 18:00:00,0.4874494327906468
2021-12-19 19:00:00,0.4996690333911046
2021-12-19 20:00:00,0.6011234587612504
2021-12-19 21:00:00,0.45315297083097056
2021-12-19 22:00:00,0.603466370252392
2021-12-19 23:00:00,0.4080003313539451
2021-12-20 01:00:00,0.39689896115169165
2021-12-20 02:00:00,0.39924847827684473
2021-12-20 03:00:00,0.5175971030050077
2021-12-20 04:00:00,0.4614680915135496
2021-12-20 05:00:00,0.49464496255131096
2021-12-20 06:00:00,0.5378655853071685
2021-12-20 07:00:00,0.5234148822896285
2021-12-20 08:00:00,0.4936292114035956
2021-12-20 09:00:00,0.597166060860302
2021-12-20 12:00:00,0.38796703501866076
2021-12-20 13:00:00,0.5063478504794715
2021-12-20 14:00:00,0.6136696037980525
2021-12-20 15:00:00,0.6046828814669186
2021-12-20 16:00:00,0.6853692831086836
2021-12-20 17:00:00,0.3562946540022564
2021-12-20 18:00:00,0.38829618988718656
2021-12-20 19:00:00,0.4196266708525142
2021-12-20 20:00:00,0.30036647084902274
2021-12-20 21:00:00,0.4409753929008744
2021-12-20 22:00:00,0.28714936351937936
2021-12-20 23:00:00,0.31334169113269006
2021-12-21 00:00:00,0.4330455198870749
2021-12-21 01:00:00,0.37213004399435196
2021-12-21 03:00:00,0.3206039101989368
2021-12-21 04:00:00,0.3989207743976567
2021-12-21 05:00:00,0.39760310818670264
2021-12-21 06:00:00,0.433448552727292
2021-12-21 07:00:00,0.4315238531687025
2021-12-21 08:00:00,0.44077022112263375
2021-12-21 09:00:00,0.4165787633532207
2021-12-21 10:00:00,0.3463165734312449
2021-12-21 11:00:00,0.5031459330239643
2021-12-21 12:00:00,0.5576804148222761
2021-12-21 13:00:00,0.6158065660950389
2021-12-21 14:00:00,0.37216918351149364
2021-12-21 15:00:00,0.31981763694040755
2021-12-21 16:00:00,0.2988358096835586
2021-12-21 17:00:00,0.47675687364804825
2021-12-21 18:00:00,0.42691805501378094
2021-12-21 19:00:00,0.406171486769208
2021-12-21 20:00:00,0.3687884617867495
2021-12-21 21:00:00,0.37295099268886217
2021-12-21 22:00:00,0.3483403800703597
2021-12-21 23:00:00,0.40589145871040627
2021-12-22 00:00:00,0.3927758216669608
2021-12-22 01:00:00,0.39287995127251296
2021-12-22 02:00:00,0.4328443154198487
2021-12-22 03:00:00,0.43291533234832874
2021-12-22 04:00:00,0.49568916517394535
2021-12-22 05:00:00,0.43003564153163143
2021-12-22 07:00:00,0.4004052360090271
2021-12-22 08:00:00,0.404127033305002
2021-12-22 09:00:00,0.3995024291286617
2021-12-22 10:00:00,0.3445838709277927
2021-12-22 11:00:00,0.38420578740599576
2021-12-22 12:00:00,0.38172430311506644
2021-12-22 13:00:00,0.5544690176841512
2021-12-22 14:00:00,0.38646655959980647
2021-12-22 15:00:00,0.4387710247554806
2021-12-22 16:00:00,0.3627856446467405
2021-12-22 17:00:00,0.36481421413400683
2021-12-22 18:00:00,0.4775165509216985
2021-12-22 19:00:00,0.47459932111871844
2021-12-22 20:00:00,0.3980502297413287
2021-12-22 21:00:00,0.4469019640014427
2021-12-22 22:00:00,0.43016183212273035
2021-12-22 23:00:00,0.771215298327581
2021-12-23 00:00:00,0.856522194425081
2021-12-23 01:00:00,0.7706076098113047
2021-12-23 02:00:00,0.6053198216045209
2021-12-23 03:00:00,0.5893801249357459
2021-12-23 04:00:00,0.5660591201958707
2021-12-23 05:00:00,0.4448276526717312
2021-12-23 06:00:00,0.34326192102007985
2021-12-23 07:00:00,0.3910834070280987
2021-12-23 08:00:00,0.39594932411421047
2021-12-23 09:00:00,0.5190426625504166
2021-12-23 10:00:00,0.49981335392621823
2021-12-23 11:00:00,0.6849018692960808
2021-12-23 12:00:00,0.4073761843429114
2021-12-23 13:00:00,0.44208986360743674
2021-12-23 14:00:00,0.4305423934035519
2021-12-23 15:00:00,0.38823594048733795
2021-12-23 16:00:00,0.3959273159897137
2021-12-23 17:00:00,0.2913059727742886
2021-12-23 18:00:00,0.34249975898295326
2021-12-23 19:00:00,0.2575720415953228
2021-12-23 20:00:00,0.2653783656257286
2021-12-23 21:00:00,0.42962836601292836
2021-12-23 22:00:00,0.32570903127845496
2021-12-23 23:00:00,0.410367437990825
2021-12-24 00:00:00,0.3568294010749756
2021-12-24 01:00:00,0.4081153185256354
2021-12-24 02:00:00,0.4629908641359459
2021-12-24 03:00:00,0.36768362242105285
2021-12-24 04:00:00,0.4174271155761669
2021-12-24 05:00:00,0.35190597950722635
2021-12-24 06:00:00,0.4216483124575306
2021-12-24 07:00:00,0.3228596579383171
2021-12-24 08:00:00,0.38367617159459555
2021-12-24 09:00:00,0.5829631481262673
2021-12-24 10:00:00,0.5370932080390711
2021-12-24 11:00:00,0.5729624625356645
2021-12-24 12:00:00,0.6321682381476755
2021-12-24 13:00:00,0.5060183151436201
2021-12-24 14:00:00,0.5417148928182528
2021-12-24 15:00:00,0.5394838571195412
2021-12-24 16:00:00,0.5268761144249942
2021-12-24 17:00:00,0.34497565334590824
2021-12-24 18:00:00,0.3456000878887393
2021-12-24 19:00:00,0.3048683146368365
2021-12-24 20:00:00,0.34458794978558527
2021-12-24 21:00:00,0.3224962993925333
2021-12-24 22:00:00,0.3290031173174329
2021-12-24 23:00:00,0.27608217256270096
2021-12-25 00:00:00,0.31581281253481613
2021-12-25 01:00:00,0.34732736101856665
2021-12-25 02:00:00,0.32320644196284887
2021-12-25 03:00:00,0.43222646038960505
2021-12-25 04:00:00,0.3217597648458431
2021-12-25 05:00:00,0.2902535641196514
2021-12-25 06:00:00,0.3686077044018219
2021-12-25 07:00:00,0.32808576405878764
2021-12-25 08:00:00,0.34951671579862037
2021-12-25 09:00:00,0.3021318132682695
2021-12-25 10:00:00,0.3446255298228404
2021-12-25 11:00:00,0.46477230865879937
2021-12-25 12:00:00,0.37773110088068074
2021-12-25 13:00:00,0.5442039703191921
2021-12-25 14:00:00,0.4734003069876457
2021-12-25 15:00:00,0.4233882829551914
2021-12-25 16:00:00,0.33699064155467073
2021-12-25 17:00:00,0.38840049941282967
2021-12-25 18:00:00,0.3278047537305343
2021-12-25 19:00:00,0.32297995216432746
2021-12-25 20:00:00,0.30632315269494087
2021-12-25 21:00:00,0.24723309204388844
2021-12-25 22:00:00,0.42205103660848164
2021-12-25 23:00:00,0.4274860414922404
2021-12-26 00:00:00,0.58259836539071
2021-12-26 01:00:00,0.4659652238034614
2021-12-26 02:00:00,0.5504760546063787
2021-12-26 03:00:00,0.5329879776756616
2021-12-26 04:00:00,0.4591522175451758
2021-12-26 05:00:00,0.4870927978837486
2021-12-26 06:00:00,0.4328660676882545
2021-12-26 07:00:00,0.5379661987924831
2021-12-26 08:00:00,0.35096374201128483
2021-12-26 09:00:00,0.4416150611610194
2021-12-26 10:00:00,0.44952258050333205
2021-12-26 11:00:00,0.5409430451973706
2021-12-26 12:00:00,0.8960965602722328
2021-12-26 14:00:00,0.5583785849241971
2021-12-26 15:00:00,0.5260039970727797
2021-12-26 16:00:00,0.4615634999756832
2021-12-26 17:00:00,0.40347229892890224
2021-12-26 18:00:00,0.25912137061356016
2021-12-26 19:00:00,0.28479804504376427
2021-12-26 20:00:00,0.29260669787113347
2021-12-26 21:00:00,0.2861404648359388
2021-12-26 22:00:00,0.3243165398507812
2021-12-26 23:00:00,0.2811106016964521
2021-12-27 00:00:00,0.314589756941572
2021-12-27 01:00:00,0.3112988379939745
2021-12-27 02:00:00,0.43694310956217974
2021-12-27 03:00:00,0.3389318209049087
2021-12-27 04:00:00,0.3583641892718357
2021-12-27 05:00:00,0.3130623338985051
2021-12-27 06:00:00,0.2469685705107183
2021-12-27 07:00:00,0.42119701643899726
2021-12-27 08:00:00,0.3799324183839284
2021-12-27 09:00:00,0.35518376148966474
2021-12-27 10:00:00,0.4226554505990448
2021-12-27 11:00:00,0.39455018868985187
2021-12-27 12:00:00,0.4323525191152625
2021-12-27 13:00:00,0.372258743941389
2021-12-27 14:00:00,0.3601503831119347
2021-12-27 15:00:00,0.38000869069342047
2021-12-27 16:00:00,0.33491222419948335
2021-12-27 17:00:00,0.3980221093537404
2021-12-27 18:00:00,0.32074241359925326
2021-12-27 19:00:00,0.3851363934428027
2021-12-27 20:00:00,0.38410048860662255
2021-12-27 21:00:00,0.48237434384878836
2021-12-27 22:00:00,0.467786356170763
2021-12-27 23:00:00,0.42076975232823377
2021-12-28 00:00:00,0.679560292626581
2021-12-28 01:00:00,0.5515645796405158
2021-12-28 02:00:00,0.33164557055266464
2021-12-28 03:00:00,0.40431721264613696
2021-12-28 04:00:00,0.40811357300127876
2021-12-28 05:00:00,0.33889130991389904
2021-12-28 06:00:00,0.5049554115250829
2021-12-28 07:00:00,0.542529547924619
2021-12-28 08:00:00,0.3900033133600477
2021-12-28 09:00:00,0.4041569934009904
2021-12-28 10:00:00,0.47192483354871
2021-12-28 11:00:00,0.5541535789097665
2021-12-28 12:00:00,0.6834455729608102
2021-12-28 13:00:00,0.5165888384378216
2021-12-28 14:00:00,0.5717254536692447
2021-12-28 15:00:00,0.40347201902828245
2021-12-28 16:00:00,0.44253055528099267
2021-12-28 17:00:00,0.44059804951048
2021-12-28 18:00:00,0.5018721738244664
2021-12-28 19:00:00,0.5245254575755693
2021-12-28 20:00:00,0.38737663513623716
2021-12-28 21:00:00,0.35717029760862107
2021-12-28 22:00:00,0.46507697726771025
2021-12-28 23:00:00,0.4593267005052894
2021-12-29 00:00:00,0.4305159004961105
2021-12-29 01:00:00,0.6329852054993371
2021-12-29 02:00:00,0.5896323240323367
2021-12-29 03:00:00,0.5647463299381055
2021-12-29 04:00:00,0.46598888506421776
2021-12-29 05:00:00,0.3783578719746706
2021-12-29 06:00:00,0.42556916986675924
2021-12-29 07:00:00,0.3940586443465503
2021-12-29 08:00:00,0.5264358397636055
2021-12-29 09:00:00,0.47219605423768846
2021-12-29 10:00:00,0.48744941846769463
2021-12-29 11:00:00,0.5794891527322444
2021-12-29 12:00:00,0.6804001440047894
2021-12-29 13:00:00,0.4318465707114965
2021-12-29 14:00:00,0.4742498644337015
2021-12-29 15:00:00,0.5810632060096032
2021-12-29 16:00:00,0.45695702930571774
2021-12-29 17:00:00,0.44704683881153323
2021-12-29 18:00:00,0.32576339476501315
2021-12-29 19:00:00,0.44239096824019114
2021-12-29 20:00:00,0.432431066062727
2021-12-29 21:00:00,0.5148728383632403
2021-12-29 22:00:00,0.6242080252749698
2021-12-29 23:00:00,0.45167264790754225
2021-12-30 00:00:00,0.5126322570198677
2021-12-30 01:00:00,0.41552360706643865
2021-12-30 02:00:00,0.6044677426848445
2021-12-30 03:00:00,0.4741054203992421
2021-12-30 04:00:00,0.43303754212968004
2021-12-30 05:00:00,0.4527797942534724
2021-12-30 06:00:00,0.33588895687131964
2021-12-30 07:00:00,0.4431404825207389
2021-12-30 08:00:00,0.4272829766058331
2021-12-30 09:00:00,0.34267239311431225
2021-12-30 10:00:00,0.5834912250020722
2021-12-30 11:00:00,0.578184615978204
2021-12-30 12:00:00,0.7653088845483316
2021-12-30 13:00:00,0.6679569480103094
2021-12-30 14:00:00,0.49586827755313706
2021-12-30 15:00:00,0.6352113881959295
2021-12-30 16:00:00,0.6504429457814302
2021-12-30 17:00:00,0.4087796092468469
2021-12-30 18:00:00,0.39695188905434275
2021-12-30 19:00:00,0.48101153931595275
2021-12-30 20:00:00,0.5131135427150377
2021-12-30 21:00:00,0.32467883857205593
2021-12-30 22:00:00,0.30514418479613636
2021-12-30 23:00:00,0.32316688206097577
2021-12-31 00:00:00,0.49891786965035806
2021-12-31 01:00:00,0.6165750857967821
2021-12-31 02:00:00,0.43496615333899313
2021-12-31 03:00:00,0.497519150467832
2021-12-31 04:00:00,0.5021246487045571
2021-12-31 05:00:00,0.5529616761570545
2021-12-31 06:00:00,0.5654143753898329
2021-12-31 07:00:00,0.42430349024857084
2021-12-31 08:00:00,0.5265759714379995
2021-12-31 09:00:00,0.40699897283405084
2021-12-31 11:00:00,0.6397235677762539
2021-12-31 12:00:00,0.6232764903978494
2021-12-31 13:00:00,0.6639110319256116
2021-12-31 15:00:00,0.7366848333230704
2021-12-31 16:00:00,0.4604911816799218
2021-12-31 17:00:00,0.46629697808043974
2021-12-31 18:00:00,0.5059959928899578
2021-12-31 19:00:00,0.3372493878299311
2021-12-31 20:00:00,0.42003129811404105
2021-12-31 21:00:00,0.34985038508527705
2021-12-31 22:00:00,0.3825376091187035
2021-12-31 23:00:00,0.415893614196312
